"","1983","1984","1985","1986","1987","1988","1989","1990","1991","1992","1993","1994","1995","1996","1997","1998","1999","2000","2001","2002","2003","2004","2005","2006","2007","2008","2009","2010","2011","2012","2013","2014","2015","2016","2017","2018","2019","2020"
"1-Jan",0,0,-999,-999,0,0,-999,0,0,0,0,0,0,0,0,0,0,0,0,0,0,0,0,0,0,0,0,0,0,0,0,0,0,0,0,0,0,0
"2-Jan",0,0,0,0,0,0,-999,-999,0,0,0,0,0,0,0,0,0,0,0,0,0,0,0,0,0,0,0,0,0,0,0,0,0,0,0,0,0,0
"3-Jan",0,0,-999,0,0,0,-999,-999,0,0,0,0,0,0,0,0,0,0,0,0,0,0,0,0,0,0,0,0,0,0,0,0,0,0,0,0,0,0
"4-Jan",-999,0,0,0,0,-999,-999,0,0,0,0,-999,0,0,0,-999,0,0,0,0,0,0,0,0,0,0,0,0,0,0,0,0,0,0,0,0,0,0
"5-Jan",-999,0,0,0,0,0,0,0,0,0,0,0,0,0,0,0,0,0,0,0,0,0,0,0,0,0,0,0,0,0,0,0,0,0,0,0,0,0
"6-Jan",-999,0,0,0,0,0,0,0,0,0,0,0,0,0,0,0,0,0,0,0,0,0,0,0,0,0,0,0,0,0,0,0,0,0,0,0,0,0
"7-Jan",-999,0,-999,0,0,0,0,10.3241930007935,0,0,0,0,0,0,0,0,0,0,0,0,0,0,0,0,0,0,0,0,0,0,0,0,0,0,0,0,0,0
"8-Jan",-999,0,-999,0,0,0,0,0,0,0,0,0,0,0,0,0,0,0,0,0,0,0,0,0,0,0,0,0,0,0,0,0,0,0,0,0,0,0
"9-Jan",-999,0,0,0,0,0,0,0,0,0,0,0,0,0,0,0,0,0,-999,4.87157869338989,0,0,0,0,0,0,0,0,0,0,0,0,0,0,0,0,0,0
"10-Jan",0,0,0,-999,0,0,0,0,0,0,0,0,0,0,0,0,0,0,0,0,0,0,0,0,0,0,0,0,0,0,0,0,0,0,0,0,0,0
"11-Jan",0,-999,0,0,0,0,0,0,0,0,0,0,0,0,0,0,0,0,0,0,0,0,0,0,0,0,0,0,0,0,0,0,0,0,0,0,0,0
"12-Jan",0,0,-999,0,0,0,0,0,0,0,0,0,0,0,0,0,0,0,0,0,0,0,0,0,0,0,0,0,0,0,0,0,0,0,0,0,0,0
"13-Jan",0,0,-999,0,0,0,0,0,0,0,0,0,0,0,0,0,0,0,0,0,0,0,0,0,0,0,0,0,0,0,0,0,0,0,0,0,0,0
"14-Jan",0,0,0,0,0,0,0,-999,0,0,0,0,0,5.49009466171265,0,0,0,0,0,0,0,0,0,0,0,0,0,0,0,0,0,0,0,0,0,0,0,0
"15-Jan",0,0,0,0,0,0,0,0,0,0,0,0,0,0,0,0,0,0,0,0,0,0,0,0,0,0,0,0,0,0,0,0,0,0,0,0,0,0
"16-Jan",-999,0,-999,0,0,0,0,0,0,0,0,0,0,0,0,0,0,0,0,0,0,0,0,0,0,0,0,0,0,0,0,0,0,0,0,0,0,0
"17-Jan",-999,0,0,0,0,0,0,0,0,0,0,0,0,0,0,0,0,0,0,0,0,0,0,0,0,0,0,0,0,0,0,0,0,0,0,0,0,0
"18-Jan",-999,0,0,0,0,0,0,0,0,0,0,0,0,0,0,0,0,0,0,0,0,0,0,0,0,0,0,0,0,0,0,0,0,0,0,0,0,0
"19-Jan",-999,0,-999,0,0,0,0,0,0,0,0,0,0,0,0,0,0,0,0,0,0,0,0,0,0,0,0,0,0,0,0,0,0,0,0,0,0,0
"20-Jan",-999,0,0,0,0,0,0,0,0,0,0,0,0,0,0,0,0,0,0,0,0,0,0,0,0,0,0,0,0,0,0,0,0,0,0,0,0,0
"21-Jan",-999,0,0,0,0,0,0,0,0,0,-999,0,0,0,0,0,-999,0,0,0,0,0,4.84977531433105,0,0,0,0,0,0,0,0,0,0,0,0,0,0,0
"22-Jan",-999,0,0,-999,0,0,0,0,-999,0,0,0,0,0,0,0,0,0,0,0,0,0,0,0,0,0,0,0,0,0,0,0,0,0,0,0,0,0
"23-Jan",0,0,0,0,0,0,0,0,-999,0,0,0,0,0,0,0,0,0,0,0,0,0,0,0,0,0,0,0,0,0,0,0,0,0,0,0,0,0
"24-Jan",-999,0,0,-999,0,0,0,0,-999,0,0,0,0,0,0,0,0,0,0,0,0,0,0,0,0,0,0,0,0,0,0,0,0,0,0,0,0,0
"25-Jan",-999,0,0,0,0,0,0,0,-999,0,0,0,0,0,0,0,0,0,0,0,0,0,0,0,0,0,0,0,0,0,0,0,0,0,0,0,0,0
"26-Jan",-999,0,0,0,0,0,0,0,0,-999,0,0,-999,0,0,0,0,0,0,0,0,-999,0,0,0,0,0,0,0,0,0,0,0,0,0,0,0,0
"27-Jan",-999,0,0,0,0,0,0,-999,0,0,0,0,0,0,0,0,0,0,0,0,0,-999,0,0,0,3.13002276420593,0,0,0,0,0,0,0,0,0,0,0,0
"28-Jan",-999,0,0,0,0,0,0,-999,0,0,-999,0,0,0,0,0,0,0,0,0,0,0,0,0,0,0,0,0,0,0,0,0,0,0,0,0,0,0
"29-Jan",0,0,0,0,0,0,0,-999,0,0,0,0,0,0,0,0,0,0,0,0,0,0,0,0,0,0,0,0,0,0,0,0,0,0,0,0,0,0
"30-Jan",-999,0,0,0,0,0,0,0,0,0,-999,0,0,0,0,0,0,0,0,0,0,0,0,0,0,0,0,0,0,0,0,0,0,0,0,0,0,0
"31-Jan",-999,0,0,0,0,0,-999,0,-999,0,0,0,0,0,0,0,0,0,0,0,0,0,0,0,0,0,0,0,0,0,0,0,0,0,0,0,0,0
"1-Feb",0,0,0,0,0,0,-999,0,0,0,4.27762317657471,0,0,0,0,0,0,0,0,0,0,0,0,0,0,0,0,0,0,0,0,0,0,0,0,0,0,0
"2-Feb",0,0,0,0,0,0,0,-999,0,0,0,0,0,0,0,0,0,0,0,0,0,0,0,0,0,0,0,0,0,0,0,0,0,0,0,0,0,0
"3-Feb",0,0,0,0,0,0,0,-999,0,0,2.90158700942993,0,0,0,0,0,0,0,0,0,0,0,0,0,0,0,0,0,0,0,0,0,0,0,0,0,0,0
"4-Feb",0,0,0,0,0,0,0,-999,0,0,0,0,0,0,0,0,0,0,0,0,0,0,0,0,0,0,0,0,0,0,0,0,0,0,0,0,0,0
"5-Feb",0,0,-999,0,0,0,0,-999,0,0,0,0,10.345947265625,0,0,0,0,0,0,0,0,0,0,0,0,0,0,0,0,0,0,0,0,0,0,0,0,0
"6-Feb",0,0,0,0,0,0,0,-999,0,0,0,-999,0,0,0,0,0,0,0,0,0,0,0,0,0,0,0,0,0,0,0,0,0,0,0,0,0,0
"7-Feb",0,-999,0,0,0,0,0,-999,0,0,0,0,0,0,0,2.58714985847473,0,0,0,0,0,0,0,0,0,0,0,0,0,0,0,0,0,0,0,0,0,0
"8-Feb",0,0,0,0,0,0,0,-999,0,0,0,0,0,0,0,0,0,0,0,0,0,0,0,0,0,0,0,0,0,0,0,0,0,0,0,0,0,0
"9-Feb",0,0,-999,0,0,0,0,-999,0,0,0,0,0,0,0,0,0,0,0,0,0,0,0,0,0,0,0,0,0,0,0,0,0,0,0,0,0,0
"10-Feb",0,0,0,-999,0,0,0,-999,0,0,0,0,0,0,0,0,0,0,0,0,0,0,0,0,0,0,0,0,0,0,0,0,0,0,0,0,0,0
"11-Feb",-999,0,0,0,0,0,0,-999,0,0,0,0,0,0,0,0,0,0,0,0,0,0,0,0,0,0,0,0,0,0,0,0,0,0,0,0,0,0
"12-Feb",0,0,0,0,0,0,0,-999,0,0,0,0,0,0,0,0,0,0,0,0,0,0,0,0,0,0,0,0,0,0,0,0,0,0,0,0,0,
"13-Feb",0,0,0,0,0,0,0,-999,0,0,0,0,0,0,0,0,0,0,0,0,0,0,0,0,0,0,0,0,0,0,0,0,0,0,0,0,0,
"14-Feb",0,-999,-999,0,0,0,0,-999,-999,0,0,0,0,0,0,0,0,0,0,0,0,0,0,0,0,0,0,0,0,0,0,0,0,0,0,0,0,
"15-Feb",-999,-999,0,0,11.240704536438,0,0,-999,0,0,-999,0,0,0,0,0,0,0,0,0,0,0,0,0,0,0,0,0,0,0,0,0,0,0,0,0,0,0
"16-Feb",0,0,-999,0,0,0,0,-999,0,0,0,0,0,0,0,0,0,0,0,0,0,0,0,0,0,0,0,0,0,0,0,0,0,0,0,0,0,0
"17-Feb",0,0,0,0,0,0,0,0,0,0,-999,0,0,0,0,0,0,0,0,0,0,0,0,0,0,0,0,0,0,0,0,0,0,0,0,0,0,0
"18-Feb",-999,0,0,-999,0,0,0,0,0,0,-999,0,0,0,0,0,0,0,0,0,0,0,0,0,0,0,0,0,0,0,0,0,0,0,0,0,0,0
"19-Feb",0,0,0,0,0,3.58847117424011,0,0,0,0,0,0,0,0,0,0,0,0,0,0,0,0,0,0,0,0,0,0,0,0,0,0,0,0,0,0,0,0
"20-Feb",0,0,-999,0,0,0,-999,0,0,0,0,0,0,0,0,0,0,0,0,0,0,0,0,0,0,0,0,0,0,0,0,0,0,0,0,0,0,0
"21-Feb",0,0,-999,0,-999,0,0,0,0,0,0,0,0,0,0,0,0,0,0,0,0,0,0,0,0,0,0,0,0,0,0,0,0,0,0,0,0,0
"22-Feb",0,0,0,0,0,0,0,0,0,0,0,0,0,0,0,0,0,0,0,0,0,0,0,0,0,0,0,0,3.16170263290405,0,0,0,0,0,0,0,0,0
"23-Feb",0,0,-999,0,0,0,0,0,0,0,0,0,0,0,0,0,0,0,0,0,0,0,0,0,0,0,0,0,0,0,0,0,0,0,0,0,0,0
"24-Feb",0,0,-999,0,0,0,0,0,0,0,0,0,0,0,0,0,0,0,0,0,0,0,0,0,0,0,0,0,0,0,0,1.88003695011139,0,0,0,0,0,0
"25-Feb",5.43255090713501,0,-999,-999,0,0,0,-999,0,0,0,0,0,0,0,0,0,0,0,0,0,0,0,0,0,0,0,0,0,0,0,0,0,0,0,0,0,
"26-Feb",0,0,0,0,0,0,0,-999,0,0,0,0,0,0,0,0,0,0,0,7.01630210876465,0,0,0,0,0,0,0,0,0,0,0,0,0,0,0,0,0,0
"27-Feb",0,0,-999,0,0,0,0,-999,0,0,0,0,0,0,0,0,0,0,-999,0,0,0,0,0,0,0,0,0,0,0,0,0,0,0,0,0,0,0
"28-Feb",0,0,0,0,0,0,0,-999,0,0,0,0,0,0,0,0,0,0,0,0,0,0,0,0,0,0,0,0,0,0,0,0,0,0,0,0,0,0
"29-Feb",,0,,,,0,,,,0,,,,0,,,,0,,,,0,,,,0,,,,0,,,,0,,,,0
"1-Mar",0,0,0,0,0,0,0,-999,0,0,0,0,0,0,0,0,0,0,1.48643600940704,0,0,0,0,0,0,0,0,0,0,0,0,0,0,0,0,0,0,0
"2-Mar",0,0,0,0,0,0,0,-999,0,0,0,0,0,0,0,0,0,0,0,0,0,0,0,0,0,0,0,0,0,0,0,0,0,0,0,0,0,0
"3-Mar",0,0,0,0,0,0,0,0,0,0,0,0,0,0,0,0,0,0,0,5.62199735641479,0,0,0,0,0,0,0,0,0,0,0,0,0,0,0,0,0,0
"4-Mar",0,0,0,0,0,0,0,0,0,0,0,0,0,0,0,0,0,0,0,0,0,0,0,0,0,0,0,0,0,0,0,0,0,0,0,0,0,0
"5-Mar",0,0,-999,0,-999,0,0,0,0,0,0,0,0,0,0,-999,0,0,0,0,0,0,0,0,0,0,0,0,0,0,0,0,0,0,0,0,0,
"6-Mar",0,0,-999,-999,0,0,0,0,0,0,0,0,0,0,0,0,0,0,0,0,0,0,0,0,0,0,0,0,0,0,0,0,0,0,0,0,0,0
"7-Mar",0,0,0,0,0,8.73848533630371,-999,0,0,0,0,0,0,0,0,0,0,0,0,0,0,0,0,0,0,0,0,0,0,0,0,0,0,0,0,0,0,0
"8-Mar",0,0,0,0,0,0,0,0,0,0,0,0,0,0,0,0,0,0,0,0,0,0,0,0,0,0,0,0,0,0,0,0,0,0,0,0,0,0
"9-Mar",0,0,0,0,0,0,0,0,0,0,0,-999,0,0,0,0,0,0,0,0,0,0,0,0,0,0,0,0,0,0,0,5.28739309310913,0,0,0,0,0,0
"10-Mar",0,0,0,0,0,0,0,0,0,0,0,0,0,0,0,0,0,0,0,0,0,0,0,0,0,0,0,0,0,0,0,8.03554630279541,0,0,0,0,0,0
"11-Mar",0,0,0,0,-999,0,0,0,0,0,0,0,0,0,0,0,0,0,0,0,0,0,0,0,0,0,0,0,0,0,0,0,0,0,0,0,0,0
"12-Mar",0,0,0,0,0,0,0,0,5.34583711624146,0,0,0,0,0,0,0,0,0,0,0,0,0,0,0,0,0,0,0,0,0,0,0,0,0,0,0,0,0
"13-Mar",0,0,0,0,0,0,0,0,0,0,0,0,0,0,0,0,0,0,0,0,0,0,0,0,0,0,0,0,0,0,0,0,0,10.0978212356567,0,0,0,0
"14-Mar",0,0,0,0,-999,0,0,0,0,0,0,0,0,0,0,0,0,0,3.67283749580383,0,0,0,0,0,0,0,0,0,0,0,0,0,0,0,0,0,0,0
"15-Mar",0,0,-999,0,0,0,0,0,0,0,0,0,0,0,0,0,0,0,0,0,0,0,0,0,0,0,2.34011507034302,0,0,0,0,0,0,0,0,0,0,0
"16-Mar",0,0,-999,0,0,0,0,0,0,0,0,0,0,0,0,0,0,0,0,0,0,0,0,0,0,0,0,0,0,0,0,0,0,0,0,0,0,0
"17-Mar",0,0,0,0,0,0,0,0,0,0,0,0,0,0,0,-999,0,0,0,0,0,0,0,0,0,0,0,0,0,0,0,0,0,0,0,0,0,0
"18-Mar",0,0,0,0,0,0,0,0,0,0,0,0,0,0,0,0,0,0,0,0,0,0,0,0,0,0,0,0,0,0,0,0,0,0,0,0,0,0
"19-Mar",0,0,0,0,0,0,0,0,0,0,0,0,0,4.308678150177,0,0,0,0,0,0,0,0,0,0,0,0,0,0,0,0,0,0,0,0,0,0,0,0
"20-Mar",0,0,0,0,0,0,0,0,0,0,0,0,10.2577238082886,16.7541103363037,0,0,0,0,0,0,0,0,0,0,0,0,0,0,0,0,0,0,0,0,0,0,0,0
"21-Mar",0,0,0,0,0,0,0,0,0,0,0,0,0,0,0,0,0,0,0,0,0,0,0,0,0,0,0,0,0,0,0,0,0,0,0,0,0,0
"22-Mar",0,0,0,0,0,0,0,0,0,0,0,0,0,0,0,0,0,0,0,0,0,0,0,0,0,0,0,0,0,0,0,0,0,0,0,0,0,0
"23-Mar",0,0,5.43462181091309,0,0,0,0,0,0,0,0,0,0,0,6.9712119102478,0,0,0,0,0,0,0,0,0,0,0,0,0,0,0,0,0,0,0,0,0,0,0
"24-Mar",0,0,0,0,0,0,0,0,0,0,0,0,0,0,0,0,0,0,0,0,0,0,0,0,0,0,0,0,0,0,0,0,0,0,0,0,0,0
"25-Mar",0,0,0,0,0,0,0,0,0,0,0,0,0,0,0,0,0,0,0,0,0,0,0,0,0,0,0,0,0,0,0,0,0,0,0,0,0,0
"26-Mar",0,0,0,0,0,0,6.94091987609863,0,0,0,0,0,0,0,0,0,0,0,0,0,0,0,0,0,0,0,0,0,0,0,0,0,0,0,0,0,0,0
"27-Mar",0,0,-999,0,0,0,14.0314540863037,0,0,0,-999,0,0,0,0,0,0,0,0,0,0,0,0,0,0,0,0,0,0,0,0,0,0,0,0,0,0,0
"28-Mar",0,0,0,0,0,0,0,0,0,0,0,0,0,0,0,9.70096969604492,0,0,0,0,0,0,0,0,0,0,0,0,0,0,0,0,0,0,0,8.43022060394287,0,0
"29-Mar",0,0,0,0,0,-999,0,0,0,0,0,0,0,0,10.6791572570801,0,0,0,0,0,0,0,0,0,0,0,0,0,0,0,0,0,0,0,0,0,0,0
"30-Mar",-999,0,-999,0,0,0,0,0,0,0,0,0,0,0,0,0,0,0,0,0,0,0,0,0,0,0,0,0,0,0,0,0,17.5860042572021,0,0,0,0,0
"31-Mar",0,0,-999,0,0,0,0,0,0,3.15714359283447,0,0,0,0,0,0,0,0,0,0,0,0,0,0,0,0,0,0,0,0,0,0,0,0,0,0,0,0
"1-Apr",0,0,0,0,0,0,0,0,0,0,0,-999,0,0,0,0,0,0,0,0,0,0,0,0,0,0,0,0,0,0,0,0,0,0,0,0,0,0
"2-Apr",0,0,0,0,0,0,0,0,0,0,0,0,0,0,29.7866592407227,0,0,0,0,0,0,0,0,0,0,0,0,0,0,0,0,4.93199396133423,0,0,0,0,0,
"3-Apr",0,0,0,0,0,0,0,-999,0,0,0,0,0,0,0,0,0,0,0,0,0,0,0,0,0,0,0,0,0,0,0,0,0,0,0,0,0,
"4-Apr",0,0,-999,0,0,0,0,0,13.9040231704712,0,0,0,0,0,0,0,0,0,0,0,0,3.32656383514404,0,0,0,0,0,0,0,0,0,0,0,0,0,0,0,
"5-Apr",0,0,0,0,0,0,-999,0,0,0,0,0,0,0,0,0,0,0,3.5101637840271,0,0,0,0,0,0,0,0,0,0,0,0,0,0,0,0,0,0,
"6-Apr",0,0,0,0,0,0,-999,0,11.1571340560913,0,0,0,-999,0,0,0,0,0,0,0,0,0,0,0,0,0,0,0,0,0,0,0,0,0,0,0,0,
"7-Apr",0,0,0,-999,0,0,0,0,0,0,0,0,0,0,0,0,0,0,0,0,9.97661209106445,0,0,0,0,0,0,0,0,0,0,0,0,0,0,0,0,
"8-Apr",-999,0,0,0,0,0,0,0,2.11874055862427,0,0,0,0,0,0,0,0,0,0,0,7.86918306350708,0,0,0,0,0,0,0,0,0,0,0,0,0,0,0,0,
"9-Apr",0,0,0,0,0,0,0,0,0,0,0,0,0,0,0,0,0,0,0,0,0,0,0,0,0,0,0,0,0,0,0,3.55950474739075,0,0,0,0,0,
"10-Apr",0,0,0,0,0,0,0,0,0,0,0,0,0,0,0,0,0,0,0,0,0,4.06915187835693,0,0,0,0,0,0,0,0,0,0,0,0,0,0,0,
"11-Apr",0,0,0,0,0,0,0,0,0,0,0,0,0,0,0,0,0,0,0,0,0,0,0,0,0,0,0,0,0,0,0,0,0,0,0,0,0,
"12-Apr",0,0,0,0,0,0,0,0,0,0,0,0,0,0,0,0,0,0,0,0,0,0,0,0,0,0,0,0,0,0,0,0,0,0,0,0,0,
"13-Apr",0,0,0,0,0,0,0,0,0,0,0,0,0,0,0,0,0,0,0,0,0,0,0,0,0,0,0,0,0,0,0,2.59571290016174,0,0,0,0,0,
"14-Apr",0,0,7.66958332061768,3.61697554588318,0,0,0,0,0,0,0,0,0,0,0,0,0,0,0,0,0,0,0,0,0,0,0,0,0,0,0,0,0,0,0,0,0,
"15-Apr",0,0,0,0,0,0,0,0,0,0,0,0,0,0,4.71644926071167,0,0,0,0,0,0,0,0,0,0,0,0,0,0,0,0,0,0,0,0,0,0,
"16-Apr",0,0,0,0,0,0,0,0,0,2.54929757118225,-999,0,0,0,0,0,0,0,0,0,0,0,0,0,0,0,4.18326902389526,0,0,0,0,0,0,0,0,0,0,
"17-Apr",0,0,0,0,0,0,0,0,0,0,0,0,0,0,0,0,0,0,0,0,0,0,0,0,0,0,0,0,0,0,0,0,0,0,0,0,0,
"18-Apr",0,0,9.51161193847656,0,0,0,0,0,0,0,0,0,0,0,0,0,0,0,0,0,0,0,-999,0,0,3.61325001716614,0,0,0,0,0,0,0,0,0,0,0,
"19-Apr",0,0,0,0,0,0,-999,0,0,0,0,0,0,0,3.77447104454041,0,0,0,0,0,0,0,0,0,0,0,0,0,0,0,0,11.2021045684814,0,0,0,0,0,
"20-Apr",0,0,0,0,0,0,0,0,0,1.7322039604187,0,0,0,0,28.4045391082764,-999,0,0,0,0,0,0,0,0,0,4.29997158050537,0,0,0,0,0,12.1256799697876,0,0,0,0,0,
"21-Apr",0,0,0,0,-999,0,0,0,0,0,0,0,0,0,0,0,0,0,0,0,0,0,0,0,0,0,0,0,0,0,0,0,0,0,0,0,0,
"22-Apr",0,0,0,0,-999,0,0,0,0,0,0,0,0,0,0,0,0,0,0,0,0,0,0,0,0,0,0,0,0,0,0,1.50887978076935,0,0,0,0,0,
"23-Apr",0,0,0,0,0,0,0,0,0,0,0,0,0,0,0,0,0,0,0,0,0,0,3.82788968086243,0,0,0,0,0,0,0,0,5.01304340362549,0,0,0,0,0,
"24-Apr",0,0,0,0,0,0,0,0,0,0,3.02152395248413,0,0,0,0,0,0,0,0,0,0,0,0,0,0,0,0,0,0,0,0,12.1349039077759,0,0,0,0,0,
"25-Apr",-999,0,0,5.64088726043701,0,0,0,0,0,0,4.98874521255493,0,0,0,0,3.68662691116333,0,0,0,0,0,0,0,0,0,2.97264885902405,3.45400261878967,0,0,0,0,0,0,0,0,0,0,
"26-Apr",-999,0,0,0,0,0,-999,0,0,0,0,0,0,0,0,0,0,0,0,0,0,0,0,0,0,4.39557933807373,0,0,0,0,0,0,0,0,0,0,0,
"27-Apr",-999,0,-999,0,0,0,-999,0,0,0,0,0,0,0,4.67643356323242,0,0,0,0,0,2.15304183959961,0,0,0,0,0,0,0,0,0,0,0,0,0,0,0,0,
"28-Apr",-999,0,-999,0,0,0,-999,0,0,0,0,0,0,0,0,4.51616859436035,0,0,0,0,0,0,0,0,0,0,0,0,0,0,0,0,0,0,0,0,0,
"29-Apr",-999,0,-999,0,0,0,0,0,0,0,0,20.3927116394043,0,0,5.44561958312988,0,0,0,0,0,0,0,0,0,27.0634098052979,0,0,0,0,0,0,0,0,0,0,0,0,
"30-Apr",-999,0,0,0,0,0,0,0,0,0,0,0,0,0,0,0,0,0,0,0,0,0,0,0,0,0,0,1.49759614467621,0,0,0,0,0,0,0,0,0,
"1-May",0,0,0,-999,0,0,0,0,4.9562349319458,0,0,0,0,0,0,0,21.8864440917969,0,0,0,0,0,0,2.29170441627502,0,0,0,16.3509368896484,0,0,0,0,0,0,0,0,0,
"2-May",0,0,10.5276365280151,0,0,0,0,0,0,0,0,0,0,0,7.40601396560669,0,0,0,0,0,0,0,0,0,0,0,0,0,0,0,0,0,14.9474964141846,0,0,0,0,
"3-May",0,9.7891321182251,0,0,0,4.48681020736694,4.47266340255737,0,0,0,0,0,0,15.8605432510376,4.181715965271,0,0,0,0,0,0,0,10.8266506195068,0,0,0,4.70905733108521,0,0,0,0,0,3.44596195220947,0,0,0,0,
"4-May",0,0,-999,0,0,0,0,0,2.21360349655151,0,0,4.74986791610718,0,0,30.0293369293213,0,0,0,0,0,0,0,0,0,0,0,7.62736177444458,0,0,0,0,0,0,13.07386302948,0,0,0,
"5-May",0,0,-999,0,0,0,29.656156539917,0,0,0,0,7.63502359390259,0,13.9602556228638,-999,0,0,0,0,0,0,0,0,0,0,0,0,0,0,0,0,0,0,0,0,0,0,
"6-May",0,0,-999,0,0,0,7.40009069442749,0,0,0,0,0,7.6557469367981,0,0,0,0,0,0,0,0,0,0,0,0,0,0,0,0,0,0,0,0,13.7024116516113,0,7.85748147964478,0,
"7-May",0,0,0,0,0,0,0,0,0,0,0,0,4.3264422416687,0,0,0,0,0,0,0,0,0,0,0,0,0,0,0,0,0,0,0,0,0,0,0,0,
"8-May",8.3725414276123,0,0,0,0,0,18.5028705596924,0,3.93740510940552,0,0,0,0,7.71878576278687,0,2.34862303733826,0,0,0,0,0,0,0,0,0,0,0,0,0,0,3.56756782531738,0,0,0,0,13.3198547363281,0,
"9-May",4.08011293411255,0,0,0,0,0,13.0762805938721,2.13611793518066,0,0,0,0,0,7.09607458114624,0,11.1098861694336,27.5112571716309,0,0,0,0,0,0,10.8881053924561,0,0,0,0,0,0,5.714919090271,0,0,19.0398120880127,0,0,0,
"10-May",6.31574678421021,0,0,0,0,0,9.7430362701416,0,0,0,0,0,0,0,0,0,0,0,0,0,0,2.99710130691528,0,0,0,0,0,0,7.0372200012207,0,30.4381370544434,0,0,9.73721790313721,0,0,0,
"11-May",17.339958190918,0,0,-999,0,0,0,0,0,0,0,0,0,0,0,17.6751499176025,0,0,0,0,0,6.31698751449585,0,0,0,0,0,0,0,0,7.9716739654541,0,0,0,0,0,7.17250680923462,
"12-May",9.53259468078613,0,0,0,0,0,0,0,9.36424732208252,0,0,0,0,0,8.07376194000244,0,0,10.9877052307129,0,0,0,0,0,0,0,0,0,0,0,0,0,0,14.1511001586914,0,0,0,0,
"13-May",1.83568155765533,0,0,0,0,0,0,0,24.4914436340332,0,0,0,0,0,0,0,0,0,0,0,0,0,0,12.5417461395264,0,0,0,0,5.07295703887939,0,0,0,0,0,12.5736837387085,0,0,
"14-May",0,0,0,0,0,0,0,0,0,0,0,0,0,0,0,0,0,4.80976438522339,0,0,0,0,0,0,0,12.2620477676392,0,0,0,0,0,0,0,0,0,0,0,
"15-May",0,0,0,0,0,0,0,0,0,0,0,0,0,1.52800285816193,0,0,0,12.7846670150757,0,0,0,0,0,3.89874124526978,0,0,0,0,0,0,0,0,0,0,5.63094663619995,0,0,
"16-May",0,16.0558815002441,0,0,0,0,0,0,0,0,0,0,0,0,0,0,5.99847459793091,0,0,0,0,0,0,2.87131094932556,11.4752836227417,18.0000019073486,0,0,0,0,0,0,0,0,13.2535848617554,0,0,
"17-May",0,6.12299156188965,0,0,0,0,-999,0,0,0,3.18070459365845,0,0,0,0,0,0,0,0,0,0,0,0,4.50119066238403,0,0,0,0,0,3.65717792510986,0,0,0,22.0037536621094,0,0,0,
"18-May",0,0,0,0,3.63118743896484,0,0,0,0,9.26304626464844,0,9.30559349060059,0,0,0,0,0,0,0,0,0,0,0,0,2.55622100830078,0,0,0,0,0,0,0,0,4.25209808349609,30.2452564239502,0,0,
"19-May",0,0,5.29369640350342,0,0,0,8.7989673614502,0,0,10.34033203125,6.67952060699463,0,0,0,0,0,0,4.11750841140747,0,0,0,5.03600978851318,0,0,0,0,0,0,0,0,0,0,0,9.36723899841309,4.92845487594604,0,0,
"20-May",0,0,-999,-999,0,8.85612678527832,8.42586231231689,0,3.10650253295898,0,3.41975855827332,0,0,17.3348274230957,20.3763751983643,0,0,3.5044424533844,0,0,0,18.8498306274414,0,0,0,0,0,0,0,0,0,0,0,21.2745113372803,0,0,0,
"21-May",0,0,0,-999,8.06807041168213,31.2001323699951,0,0,7.81994199752808,0,0,0,0,15.0207672119141,4.74824714660645,-999,0,0,0,0,0,0,0,0,0,0,0,0,4.10760879516602,0,0,5.24044942855835,0,20.4607257843018,14.8218631744385,17.1035976409912,0,
"22-May",3.75617361068726,0,0,0,0,0,-999,0,0,0,0,0,0,0,0,0,0,0,0,0,5.42568492889404,0,0,0,0,0,0,6.83863496780396,4.08554553985596,0,0,13.8176794052124,0,0,5.82522487640381,0,0,
"23-May",0,0,11.2554321289062,0,0,43.073974609375,-999,0,0,0,0,17.7920246124268,0,0,0,0,3.94571876525879,0,0,0,0,10.2192583084106,8.8362922668457,0,0,10.3392753601074,0,0,6.40680694580078,0,0,0,0,0,0,0,0,
"24-May",0,0,7.13741779327393,0,20.121223449707,0,-999,0,0,0,9.86594772338867,0,3.4242696762085,0,0,0,0,0,4.12558746337891,0,4.83475637435913,0,13.0064344406128,0,0,9.1929931640625,0,5.16885185241699,14.0629253387451,0,0,2.09187960624695,0,0,3.2726686000824,5.28234481811523,9.2464599609375,
"25-May",0,0,0,0,0,0,0,0,0,0,5.64423942565918,0,0,0,2.41445994377136,0,1.229621052742,0,0,0,0,0,16.0580387115479,0,0,0,0,0,14.2028970718384,0,0,0,0,12.7954893112183,0,0,5.86204957962036,
"26-May",0,0,12.3449153900146,0,6.71688985824585,0,0,0,0,0,4.56320571899414,0,0,0,22.1482257843018,0,3.88309788703918,8.86429119110107,29.7255363464355,0,4.53734540939331,2.46358561515808,0,0,18.0000019073486,4.25685548782349,0,0,0,29.3555812835693,4.32494640350342,0,0,0,0,0,0,
"27-May",0,0,0,0,0,0,0,0,0,0,12.59743309021,0,0,0,0,0,0,0,10.6564064025879,0,0,1.50942575931549,0,0,0,5.48301076889038,0,0,14.6931638717651,0,0,7.36641788482666,16.0830230712891,0,0,13.1403036117554,17.6938877105713,
"28-May",0,7.82489347457886,0,0,6.77795219421387,0,0,0,3.74132776260376,0,3.17024827003479,0,0,4.81139087677002,2.20760560035706,2.70477771759033,0,0,0,0,0,0,8.98933696746826,0,0,0,0,0,6.47845458984375,9.21402931213379,0,0,0,0,11.2936592102051,14.0523157119751,12.9742517471313,
"29-May",0,0,6.00313901901245,0,16.8465480804443,3.89639091491699,0,0,0,3.73433399200439,1.38232815265656,15.2881097793579,9.19969654083252,0,2.76100492477417,0,0,1.25341129302979,0,10.7145109176636,3.66833519935608,5.00229597091675,4.90549564361572,0,0,0,0,9.26697444915771,20.7875289916992,7.72842979431152,0,10.2774114608765,0,0,0,28.5208168029785,0,
"30-May",2.73709607124329,0,0,0,7.9044361114502,13.753210067749,0,0,0,4.39284706115723,12.5045356750488,0,4.33947038650513,10.8165912628174,0,0,0,0,0,0,0,0,0,0,0,0,0,0,0,0,0,41.0650062561035,28.8554725646973,0,0,9.50435638427734,3.70338749885559,
"31-May",0,0,0,4.55902290344238,0,0,3.33313012123108,0,0,4.40686988830566,7.88009309768677,14.8496131896973,23.8359394073486,0,0,0,3.10449528694153,0,0,9.9767541885376,0,0,0,0,2.81450867652893,0,0,0,0,4.77905321121216,0,25.7619495391846,15.9428100585938,0,0,0,0,
"1-Jun",0,0,9.81794834136963,5.52905941009521,45.9573020935059,9.26817989349365,0,0,0,20.1733493804932,10.7583560943604,8.81142234802246,1.51638412475586,5.34679841995239,7.35472822189331,0,0,0,0,0,0,4.93104553222656,0,0,11.3373355865479,0,0,0,0,0,16.7575149536133,0,0,0,11.0471363067627,0,6.04879713058472,
"2-Jun",0,0,0,0,0,0,5.22110509872437,0,0,0,-999,0,0,0,0,0,0,8.06525135040283,0,0,0,1.91785275936127,0,0,5.55873727798462,0,0,9.79980182647705,0,0,0,0,0,0,23.7701435089111,0,0,
"3-Jun",0,22.3780956268311,0,0,0,31.2576236724854,0,0,0,0,5.59635210037231,0,0,0,0,0,0,0,0,21.9521923065186,0,0,0,0,20.7839794158936,0,0,0,5.58855724334717,0,8.22768115997314,4.37714624404907,6.90235710144043,0,0,0,0,
"4-Jun",9.97773742675781,22.2136287689209,0,0,0,0,0,0,0,0,0,0,0,0,3.20691609382629,6.55254602432251,0,0,0,0,7.27795267105103,0,14.3267011642456,5.97192811965942,0,0,2.4017117023468,0,0,2.83113980293274,0,4.03912734985352,0,0,0,0,25.6254997253418,
"5-Jun",0,0,0,0,0,9.46427536010742,0,0,0,0,0,0,0,0,0,0,0,0,1.72656834125519,0,0,2.70631170272827,0,3.09505033493042,0,3.64100861549377,0,0,0,0,5.7663254737854,0,10.3985548019409,5.51352024078369,0,0,0,
"6-Jun",3.86324405670166,0,0,0,0,0,-999,0,0,6.73545551300049,0,0,10.6348075866699,0,0,0,0,0,0,2.57267427444458,0,0,0,0,0,13.2541284561157,0,0,0,4.37475824356079,0,5.20934915542603,0,0,0,0,18.7250099182129,
"7-Jun",0,0,0,0,0,0,0,0,0,0,3.58436226844788,0,0,0,3.78322339057922,0,0,0,0,3.6012327671051,7.88118743896484,0,0,0,0,0,0,8.59517192840576,0,0,2.95230031013489,0,0,0,0,0,17.3317279815674,
"8-Jun",10.8769903182983,0,0,11.2743272781372,0,9.46465396881104,5.83253717422485,0,0,0,0,10.2387065887451,0,0,0,0,0,0,9.09352016448975,9.86895847320557,0,0,15.9885139465332,0,16.9618473052979,0,10.7508916854858,0,0,0,3.90946245193481,0,3.37916231155396,0,28.1540794372559,0,18.3594131469727,
"9-Jun",1.68673181533813,0,0,0,0,4.26698446273804,0,0,9.87178134918213,0,0,0,6.19108438491821,15.2587471008301,0,0,0,0,0,0,2.85644149780273,10.9573040008545,0,0,0,0,0,2.99347352981567,0,3.10328674316406,0,17.5255012512207,0,0,6.57911205291748,0,0,
"10-Jun",5.09474754333496,0,46.2043151855469,0,0,0,0,1.48100244998932,4.16799259185791,7.729567527771,0,0,0,0,1.81432116031647,0,0,0,0,0,0,0,0,12.0004234313965,3.11862063407898,9.54650497436523,0,0,0,3.58235669136047,0,0,13.5917272567749,11.372486114502,18.4155826568604,9.48988819122314,0,
"11-Jun",17.1804752349854,19.053337097168,0,0,0,5.87009906768799,12.6170721054077,0,5.8798394203186,0,0,0,0,0,2.57113599777222,0,0,0,0,0,0,0,25.9011516571045,0,0,0,0,0,3.46099448204041,0,0,0,0,26.8046932220459,0,0,12.1795425415039,
"12-Jun",0,0,0,0,0,0,15.5234270095825,5.72080850601196,0,2.7442455291748,0,0,0,14.0059576034546,5.82063579559326,0,0,0,0,8.31736660003662,0,0,0,4.20168781280518,0,0,0,8.64657020568848,0,0,2.81638050079346,0,17.567943572998,6.56364393234253,9.59999656677246,16.3503322601318,0,
"13-Jun",0,8.19564437866211,14.6378879547119,0,19.2043552398682,0,0,0,0,0,-999,0,5.47350645065308,0,0,14.4221363067627,0,0,0,2.76493525505066,0,0,0,2.17284059524536,4.19908666610718,0,0,0,6.77886772155762,0,6.9277868270874,8.23986434936523,0,9.99805450439453,0,0,0,
"14-Jun",-999,0,15.6188297271729,0,11.2891302108765,3.0718047618866,0,0,0,3.86186408996582,0,0,0,0,0,0,0,0,0,0,0,0,0,6.90981292724609,1.96066772937775,3.50788426399231,0,8.6046724319458,0,0,0,0,0,0,19.2699508666992,11.8895902633667,10.8341388702393,
"15-Jun",0,0,0,0,16.0009326934814,0.898396670818329,0,0,4.55608320236206,1.95172107219696,0,0,0,0,0,35.519287109375,0,0,0,4.05102872848511,0,0,1.95891618728638,0,3.86077642440796,6.21277952194214,0,0,0,7.29595518112183,0,0,10.9400415420532,0,0,8.23827838897705,0,
"16-Jun",0,0,0,0,0,0,0,15.8851385116577,146.52717590332,0,0,0,0,0,0,0,0,0,4.35088396072388,0,27.7856616973877,0,11.47434425354,17.8386402130127,0,0,0,0,4.66452074050903,3.48814368247986,0,0,0,0,0,0,0,
"17-Jun",0,0,12.1227798461914,0,10.2371225357056,0,0,0,1.27232158184052,0,2.48259806632996,8.87821578979492,0,0,0,0,0,0,18.0000019073486,0,9.72543239593506,0,0,0,5.99327754974365,0,0,0,3.46518707275391,0,0,6.33555936813354,0,0,19.0638675689697,3.95320510864258,0,
"18-Jun",-999,0,0,0,0,4.685622215271,0,0,4.73608016967773,1.48384022712708,0,15.9001970291138,5.64071273803711,0,0,0,0,0,0,0,0,0,0,0,0,3.66232538223267,0,11.1642866134644,0,6.10467004776001,0,5.92175340652466,0,0,0,0,0,
"19-Jun",0,0,22.5402660369873,0,0,1.90438985824585,0,0,0,0,0,0,0,0,0,0,0,0,5.32519006729126,0,3.76280784606934,2.88370800018311,0,0,1.02630424499512,0,0,0,0,4.28216361999512,8.76307106018066,15.3163013458252,16.0507106781006,0,0,0,8.4544563293457,
"20-Jun",0,0,24.4572525024414,0,0,14.6017608642578,3.12869024276733,0,0,0,10.9451532363892,0,0,5.41308927536011,9.53866004943848,0,2.41579627990723,0,3.6439745426178,0,14.3394985198975,2.09872770309448,0,6.92111682891846,0,0,0,0,0,4.87183141708374,4.25092554092407,0,0,0,0,13.0296277999878,0,
"21-Jun",0,0,99.1464385986328,0,8.7241735458374,0,7.66203022003174,0,0,5.2793984413147,0,9.31126499176025,3.74938178062439,0,0,0,1.46142649650574,0,0,0,0,10.3817892074585,0,0,11.2481393814087,0,0,0,0,5.76700448989868,8.54130172729492,4.83810520172119,0,20.6062755584717,5.37254190444946,0,0,
"22-Jun",0,0,0,23.3224105834961,0,0,0,0,4.39423608779907,0,0,0,0,17.7672233581543,0,0,3.21768760681152,0,0,0,0,7.03509902954102,4.58043432235718,0,14.4989051818848,0,21.2871417999268,6.53008460998535,0,12.8323669433594,11.0666284561157,7.93893766403198,0,0,5.02866268157959,0,19.043514251709,
"23-Jun",0,0,0,-999,11.6946353912354,0,0,0,7.80309820175171,0,0,0,3.71439695358276,0,3.24993753433228,0,0,0,2.90457248687744,2.42222595214844,5.89850568771362,0,0,0,0,6.18838882446289,5.28820180892944,5.17300653457642,0,0,0,0,0,0,4.20133495330811,0,0,
"24-Jun",8.01794052124023,0,0,3.96610379219055,32.2936630249023,0,5.38929176330566,0,0,0,0,18.1219692230225,0,0,0,0,8.11605834960938,4.05104160308838,1.99484157562256,0,0,5.20990896224976,3.60260510444641,0,0,0,0,5.45936346054077,0,3.49010848999023,3.1679208278656,0,0,23.491397857666,0,0,8.61449527740479,
"25-Jun",0,4.37444734573364,9.74464130401611,31.1616535186768,0,4.1985387802124,0,0,0,0,0,0,10.4771947860718,11.8223552703857,4.359290599823,0,0,0,0,0,7.86794376373291,6.35054397583008,4.74819564819336,0,2.32086849212646,0,0,0,0,5.89330196380615,0,0,0,0,32.6662063598633,5.85308694839478,3.60138249397278,
"26-Jun",18.6638813018799,-999,0,97.9725723266602,5.38178205490112,0,11.4740648269653,0,0,3.16167807579041,0,0,10.4076595306396,0,41.9577026367188,0,7.45317983627319,4.00933599472046,0,0,0,0,0,10.024188041687,0,4.19900894165039,0,1.21965312957764,3.01019191741943,0,0,0,13.0712451934814,0,15.0595378875732,0,0,
"27-Jun",10.0328664779663,0,-999,6.09665489196777,31.8503704071045,10.4534931182861,4.5352258682251,1.89554715156555,0,8.21192073822021,10.5219373703003,0,4.10823583602905,0,5.80689764022827,0,20.2048053741455,1.25325119495392,0,0,6.60967111587524,4.79378175735474,0,0,22.184944152832,0,0,0,5.09305953979492,0,0,6.23784112930298,3.52613663673401,15.6436605453491,0,0,0,
"28-Jun",0,11.2046270370483,0,17.9363327026367,-999,0,0,5.61904811859131,6.07369518280029,0,0,15.7289295196533,0,0,0,0,0,3.77644658088684,12.1972122192383,0,1.89495635032654,3.15472555160522,3.41210842132568,0,4.02838039398193,0,0,0,0,9.46784019470215,0,7.28826093673706,9.6500358581543,0,25.9553260803223,17.4820232391357,22.0298728942871,
"29-Jun",7.17142581939697,14.9510879516602,0,4.65514421463013,-999,0,0,0,0,13.000904083252,49.1949844360352,0,0,5.77937126159668,0,0,0,0,0,0,8.32431030273438,0,2.88931727409363,5.75311994552612,0,0,0,0,5.65996742248535,0,0,30.6415786743164,6.69435262680054,11.9179859161377,0,0,6.36727952957153,
"30-Jun",-999,13.3445987701416,0,18.2970600128174,-999,0,6.3127613067627,0,0,2.91524815559387,0,0,0,8.08517932891846,4.1013388633728,0,0,0,4.90398073196411,0,10.3857145309448,12.4311218261719,0,14.6317472457886,8.15400886535645,0,0,0,3.43886995315552,0,13.5807685852051,10.5821542739868,18.1212520599365,0,0,0,0,
"1-Jul",-999,0,0,-999,0,0,0,0,20.7719306945801,0,0,27.7730331420898,-999,0,44.3681640625,0,0,0,0,0,0,0,0,0,4.26798725128174,0,5.3505654335022,0,0,55.0410118103027,0,0,0,10.0235376358032,0,5.32844018936157,0,
"2-Jul",0,21.1880378723145,0,0,0,8.19489479064941,17.4696235656738,0,0,0,8.49006462097168,0,-999,0,0,0,7.87296628952026,4.60271310806274,19.7180614471436,1.61077308654785,0,5.84910774230957,6.63816261291504,0,0,6.23232364654541,0,11.1969604492188,0,0,0,7.80277156829834,4.72111701965332,4.27800273895264,6.64964532852173,0,8.64081859588623,
"3-Jul",6.34483098983765,0,0,8.26023101806641,-999,21.1037139892578,7.62834024429321,0,0,0,0,0,-999,0,0,6.9601993560791,0,0,0,0,11.4164896011353,0,9.29896450042725,0,13.0163440704346,20.6686859130859,0,4.2792010307312,0,0,0,8.20380687713623,23.8675479888916,14.9408941268921,0,0,0,
"4-Jul",0,14.2654180526733,0,0,9.92894840240479,0,5.32852506637573,13.0098543167114,4.34260129928589,0,0,5.90472030639648,0,0,34.8908538818359,0,5.09518527984619,0,4.4975414276123,0,0,3.89907360076904,0,0,4.2987232208252,3.39651250839233,23.4576168060303,0,0,4.9506402015686,0,0,21.9129428863525,0,0,12.0494136810303,0,
"5-Jul",0,0,0,0,0,1.42668330669403,0,0,0,4.30401611328125,0,0,14.9131345748901,0,0,7.11493062973022,5.1348557472229,0,7.79342365264893,2.97415328025818,0,2.22318291664124,7.2000994682312,7.0781683921814,24.4704246520996,0,0,1.6994868516922,0,0,0,0,0,10.503044128418,0,0,10.0027027130127,
"6-Jul",0,0,0,5.75812530517578,0,2.89506793022156,5.38715028762817,2.53549861907959,8.83224678039551,0,11.7794952392578,0,8.24167919158936,0,0,0,0,0,8.33666133880615,0,5.67253017425537,5.28733158111572,0,16.9251346588135,7.02929973602295,3.07695031166077,0,0,5.57341575622559,0,0,21.1977062225342,15.4905815124512,0,0,10.6197967529297,0,
"7-Jul",0,14.6761112213135,0,0,12.5294828414917,0,0,0,0,0,0,12.2843627929688,0,17.4442100524902,0,0.602235317230225,0,5.65768957138062,0,0,6.74007558822632,0,0,11.0283489227295,0,2.68666410446167,6.34397602081299,3.88727068901062,3.03171992301941,0,0,5.54883527755737,0,12.6831083297729,21.6486206054688,0,10.783145904541,
"8-Jul",0,0,15.4241857528687,13.5376958847046,9.17889308929443,0,0,9.04595565795898,19.0241050720215,4.32851982116699,0,0,13.0639448165894,2.63057589530945,0,11.6468820571899,0,0,56.6524887084961,4.94667911529541,0,3.40361452102661,3.69840288162231,20.4486827850342,6.34947967529297,0,9.91090297698975,0,0,15.2139492034912,7.09625482559204,0,0,0,22.713191986084,0,10.6635971069336,
"9-Jul",6.14675092697144,12.8147315979004,6.19153881072998,4.68855857849121,0,4.80849981307983,2.75548410415649,3.81326031684875,0,0,0,4.4039306640625,2.55192565917969,7.71616363525391,4.90573835372925,8.37900829315186,4.28138589859009,0,0,40.8430557250977,0,0,15.3926448822021,0,0,0,0,5.02263641357422,1.78736639022827,0,0,8.26112651824951,0,6.8142991065979,10.0277576446533,2.54506421089172,0,
"10-Jul",0,0,26.6807441711426,6.58743524551392,0,0,30.0040988922119,0,0,11.236044883728,0,3.91021871566772,11.3599634170532,0,20.819185256958,3.67758440971375,15.4978742599487,11.1978178024292,13.0331659317017,0,4.6684398651123,0,0,0,0,14.5363397598267,0,0,0,3.12817072868347,0,13.8519191741943,0,19.5325469970703,15.2522249221802,0,16.2138557434082,
"11-Jul",0,0,36.3080215454102,27.9504375457764,26.4980850219727,0,0,4.5486364364624,4.19583082199097,2.11648559570312,0,-999,0,2.45718717575073,34.0281372070312,12.2510204315186,0,0,0,3.98912668228149,0,0,0,0,6.11232233047485,0,0,0,0,12.6616096496582,0,0,0,6.51174020767212,18.9973888397217,0,0,
"12-Jul",-999,0,0,0,31.4289264678955,4.09073877334595,0,2.19196891784668,0,6.66090440750122,0,0,8.3648796081543,0.691035807132721,0,6.65691947937012,0,12.8415288925171,0,0,0,0,0,11.5928592681885,29.1171245574951,0,10.1682825088501,4.80298137664795,0,0,0,0,17.8922748565674,0,20.1597938537598,5.72298908233643,0,
"13-Jul",3.25473213195801,0,0,6.47248268127441,0,0,2.28255033493042,0,0,0,0,0,16.9830322265625,0,4.40671586990356,0,0,2.01113796234131,18.3563251495361,0,0,2.4166886806488,0,0,3.02379965782166,0,7.45432662963867,0,0,5.93234539031982,2.38190817832947,28.0382652282715,13.1873321533203,7.92311429977417,0,5.19273042678833,0,
"14-Jul",0,0,7.1240177154541,0,0,5.71532392501831,7.53008031845093,0,2.13603901863098,4.06695318222046,13.5004062652588,6.86578941345215,0,7.5491828918457,0.518118679523468,2.52964305877686,0,2.03988456726074,0,2.074303150177,4.08521795272827,0,0,8.86229133605957,0,5.24246168136597,0,4.61998128890991,0,0,0,18.9738903045654,10.1241855621338,0,0,0,6.80913066864014,
"15-Jul",0,0,0,0,0,0,0,3.99064803123474,4.29442262649536,2.70043039321899,6.01832818984985,6.81833744049072,0,4.04937601089478,0,0,6.51053524017334,9.72856044769287,0,0,0,16.961181640625,0.868950247764587,0,9.42189788818359,0,4.25609636306763,5.42803192138672,0,6.25507593154907,16.92822265625,0,6.3599705696106,21.2174530029297,10.7384061813354,0,0,
"16-Jul",-999,0,7.91348791122437,13.6935214996338,0,0,0,1.02318918704987,0,0,8.3923282623291,0,0,0,11.0495090484619,0,18.4817523956299,0,0,0,2.14711689949036,0,9.28299808502197,0,4.92007875442505,0,0,0,0,2.58978176116943,5.82004356384277,0,0,7.48041105270386,24.197925567627,0,21.6323184967041,
"17-Jul",0,18.5361328125,9.00000095367432,4.38198184967041,0,0,8.08227920532227,27.009729385376,0,0,13.9315614700317,8.72363567352295,14.4633359909058,12.0863599777222,9.15024566650391,2.93428468704224,0,0,1.12046611309052,4.52089214324951,1.69458055496216,2.30733585357666,0,13.871190071106,2.08452558517456,4.86252164840698,14.0161323547363,2.20971918106079,9.7371301651001,0,6.30609750747681,8.55992221832275,12.2086772918701,23.7580986022949,0,18.8469295501709,0,
"18-Jul",0,0,0,53.4846878051758,0,0,0,0,4.91550254821777,0,0,4.11076402664185,27.379602432251,0,5.47399234771729,8.88452625274658,0,8.17924213409424,11.2314319610596,0,0,0,7.73851680755615,0,16.2036800384521,0,0,21.5371017456055,0,3.37933921813965,3.35156941413879,8.18763637542725,18.006799697876,5.49828338623047,0,0,0,
"19-Jul",1.9923540353775,0,11.0013942718506,0,0,0,0,0,5.95877695083618,0,14.2838640213013,26.9550495147705,0,0,0,0,10.9306077957153,0,0,0,0,5.53982257843018,0,18.0508556365967,0,5.65663194656372,0,11.4780883789062,5.20027112960815,0,0,23.0062522888184,0,14.6259479522705,20.4833641052246,9.90036964416504,3.31786632537842,
"20-Jul",-999,3.27165508270264,0,5.14253282546997,11.6430187225342,4.64586353302002,0,0,0,7.37983894348145,2.80034327507019,0,0,0,18.7744235992432,5.27723121643066,0.287453800439835,0,0,0,0,4.55264282226562,0,0,0,0,8.39711380004883,6.42710065841675,0,0,0,0,0,0,8.08293151855469,0,0,
"21-Jul",3.05224943161011,0,0,0,0,-999,0,2.24145793914795,0,0,0,0,0,0,73.9051895141602,20.3128395080566,13.2189702987671,12.7674131393433,0,1.06458246707916,3.25258874893188,0,4.84015464782715,2.94157123565674,19.2603187561035,0,5.02293586730957,5.50448608398438,16.1673908233643,21.817777633667,0,0,10.4186954498291,0,0,17.5597648620605,15.5106134414673,
"22-Jul",-999,0,21.8294105529785,13.0929231643677,4.37044620513916,0,0,0,0,0,0,3.53273105621338,20.1444320678711,0,23.0620021820068,10.2602424621582,0,2.40046000480652,27.5639629364014,0,4.79189109802246,2.51826882362366,0,0,0,0,0,0,13.2771644592285,3.45862722396851,5.00840044021606,2.8462061882019,0,15.0408811569214,0,14.1327962875366,0,
"23-Jul",10.5710783004761,0,4.84049129486084,-999,38.6029090881348,0,0,0,5.00805902481079,0,5.89552164077759,9.65155124664307,0,3.44904351234436,0,0,9.6428165435791,0,8.49327945709229,0,0,4.53531837463379,2.47196650505066,0,0,8.78089618682861,5.77032995223999,3.12721061706543,4.98053979873657,0,0,6.12922763824463,17.1266384124756,26.294340133667,15.378604888916,0,0,
"24-Jul",0,4.55987739562988,0,-999,0,49.264778137207,1.52583944797516,0,0,0,0,16.2021236419678,0,0,26.1661567687988,5.66005039215088,21.3440799713135,0,4.60759449005127,0,0,0,21.571439743042,3.21228265762329,9.06850242614746,0,32.4691543579102,11.1011791229248,22.9354286193848,0,0,0,0,0,3.76035451889038,27.4499969482422,0,
"25-Jul",0,0,0,0,0,0,11.0696153640747,0,0,0,0,0,4.26643133163452,0,0,0,11.2869529724121,0,0,0,0,0,0,0,2.61961936950684,3.44104957580566,10.6075057983398,0,0,0,2.96340942382812,10.148232460022,0,0,0,0,9.54161739349365,
"26-Jul",0,5.28764820098877,13.3453130722046,0,0,0,7.47391700744629,0,4.36015892028809,6.73455190658569,0,0,16.3613948822021,0,2.11408686637878,0,3.75284218788147,2.62112069129944,4.570396900177,2.61767578125,5.50756788253784,1.97104632854462,3.74814176559448,7.27571487426758,0,0,2.11492562294006,0,0,0,0,9.61116600036621,18.5648460388184,0,21.5536251068115,0,0,
"27-Jul",0,0,0,-999,8.78676891326904,1.17624640464783,1.90102100372314,0,5.24819946289062,5.9309720993042,15.0096416473389,5.95849752426147,4.08627319335938,22.6179618835449,0,0,0,0,0,3.267502784729,7.39450836181641,7.04046678543091,8.07812023162842,7.87940406799316,0,0,14.0107345581055,6.69066381454468,3.06570529937744,0,22.4702854156494,9.64866161346436,0,19.9576511383057,0,0,26.7172050476074,
"28-Jul",3.51060748100281,0,0,0,-999,0,0,3.54305076599121,0,5.33398103713989,6.98867511749268,1.75928318500519,0,26.0828056335449,7.68058395385742,4.44012832641602,0,1.7790664434433,12.3319444656372,0,2.4437997341156,5.95917892456055,0,0,10.8860597610474,4.37736892700195,17.739049911499,3.62103772163391,15.3800010681152,7.44831466674805,0,0,3.43872570991516,7.30619668960571,0,0,0,
"29-Jul",0,0,15.5892744064331,7.09218406677246,2.15968227386475,11.98948097229,2.65059304237366,0,0,0,0,0,4.51190662384033,0,7.40681076049805,0,7.99982500076294,5.96439790725708,0,0,6.07715082168579,0,0,0,6.65138149261475,0,0,1.8115336894989,3.42364621162415,0,0,11.9680004119873,14.7654705047607,0,0,4.04210424423218,0,
"30-Jul",0,8.72614192962646,0,31.0307846069336,20.1100692749023,2.67272400856018,3.27928423881531,12.3252334594727,0,2.88631129264832,18.2114658355713,3.64194369316101,6.29490995407104,0,0,0,0,0,0,0,4.8166971206665,0,0,7.74562931060791,0,15.1214027404785,0,2.81276822090149,0,15.9992656707764,0,8.64992046356201,14.8302764892578,9.63471603393555,13.3398132324219,9.74179744720459,0,
"31-Jul",0,0,0,0,0,0,4.36551427841187,5.82574272155762,0,0,0,0,0,7.99111557006836,4.68898391723633,4.04757881164551,0,2.63069915771484,0,3.28902888298035,0,2.59894323348999,0,2.68740320205688,0,9.70320796966553,17.9249839782715,2.53835463523865,3.30075216293335,0,0,0,0,0,29.5061550140381,0,8.15703296661377,
"1-Aug",0,28.7409782409668,28.0416374206543,-999,0,3.00179553031921,3.49085164070129,63.3228797912598,0,0,0,6.71091270446777,7.58509397506714,15.4992923736572,0,0,4.0351734161377,1.59607911109924,0,4.84929132461548,2.62260937690735,21.8042850494385,0,0,10.8210687637329,0,0,1.64311385154724,0,30.4096508026123,0,0,0,5.98184871673584,0,0,0,
"2-Aug",14.6208391189575,0,0,0,0,1.54408538341522,-999,0,14.1115322113037,14.2103290557861,0,0,0,0,26.0743789672852,0,3.20030379295349,2.22266578674316,0,9.64930820465088,2.80204010009766,0,1.85319554805756,12.6433181762695,0,6.8112621307373,0,0,6.87910175323486,11.4574956893921,0,0,0,0,0,8.79339408874512,14.8071794509888,
"3-Aug",0,0,0,-999,0,10.9443559646606,4.41424608230591,1.29740560054779,1.54858994483948,12.3685960769653,0,1.79920530319214,10.4962587356567,3.2648024559021,0,0,2.26142430305481,0,0,0,1.09097969532013,0,3.25555396080017,2.02051591873169,26.7810840606689,0,26.390754699707,0,0.489246964454651,0,0,23.682559967041,4.2000093460083,31.0539226531982,14.7018728256226,4.53564596176147,32.4214134216309,
"4-Aug",12.8739538192749,0,12.6367244720459,7.13273572921753,7.5447301864624,0,4.83649253845215,0,6.68950748443604,0,0,12.5445585250854,0,0,0,9.6234016418457,0.918263256549835,3.53901028633118,0,0,0,0,8.09326648712158,0,26.1273193359375,0,4.44246625900269,0,0,0,0,0,6.23352718353271,8.1645975112915,5.5146598815918,10.6409645080566,2.51740455627441,
"5-Aug",11.979305267334,0,0,4.35591220855713,0,19.8532371520996,22.0766716003418,0,7.8103666305542,3.50681471824646,0,0,0,16.9435558319092,0,2.41149377822876,2.59951972961426,4.89496231079102,4.37014198303223,0,0,0,0,0,7.33288240432739,3.57565975189209,8.50584697723389,8.30425262451172,0.996631860733032,0,9.47842788696289,0,3.18681907653809,0,0,8.02114009857178,4.90350580215454,
"6-Aug",7.41520023345947,9.56100559234619,0,0,0,0,2.99907326698303,0,0,7.23205232620239,50.7739639282227,2.81063199043274,9.17494964599609,2.317063331604,7.21560573577881,0,0,8.94393253326416,0,0,11.4524345397949,1.19073688983917,8.90000820159912,0,0,0,15.9838762283325,7.87590169906616,0,13.7016792297363,8.05960273742676,0,0,5.34954357147217,11.7012090682983,9.38326072692871,11.1374559402466,
"7-Aug",0,0,11.1101808547974,0,14.3146228790283,0,0,0,4.12509727478027,0,5.70429944992065,9.89672183990479,16.3593006134033,0,17.3938980102539,0,8.23802280426025,3.15369701385498,0,5.51908540725708,0,4.42550182342529,0,12.4533567428589,8.91839694976807,0,0,11.6849126815796,0,0,0,0,2.689786195755,0,0,0,21.2117233276367,
"8-Aug",0,0,0,3.57270622253418,6.60005569458008,14.2288017272949,0,-999,5.00684976577759,0,0,0,5.2354621887207,0,26.0436458587646,12.2980337142944,0,0,9.05794143676758,0,20.756383895874,0,0,0,5.94791984558105,0.658956170082092,0,0,0,0,5.06004905700684,9.93250560760498,14.5159616470337,31.5437717437744,0,0,10.2359685897827,
"9-Aug",13.6251096725464,6.5983247756958,0,0,15.8653049468994,0,0,0,0,7.76721715927124,0,4.54269218444824,0,17.2317008972168,22.2591342926025,0,8.7894115447998,0,12.0691022872925,0,0,0,11.1155872344971,5.21532869338989,7.86531543731689,1.10347497463226,0,7.251389503479,0,0,13.9870080947876,0,7.4153904914856,0,0,0,18.5013961791992,
"10-Aug",5.66665554046631,0,0,0,3.07897782325745,7.66043281555176,2.18764209747314,7.38674736022949,2.38998031616211,0,5.76549005508423,5.70313310623169,0,3.5832839012146,0,3.04267764091492,10.2783336639404,0,0,7.44211196899414,0,8.17501831054688,10.797679901123,0,0,0,8.64699077606201,14.7516345977783,0,10.6576738357544,0,5.33376550674438,0,0,7.87273359298706,11.50084400177,14.6188478469849,
"11-Aug",0,0,0,0,-999,6.84691619873047,0,0,2.44090604782104,0,0,0,5.05309009552002,0,0,2.19195818901062,0,0,0,4.37216520309448,0,0,1.41078531742096,1.4235668182373,0,1.93421578407288,0,0,9.81785488128662,0,4.09946060180664,10.9530897140503,12.8874158859253,0,22.1710605621338,0,6.29745674133301,
"12-Aug",0,3.90337681770325,0,-999,0,0,0,12.0063419342041,0,0,0,0,0,0,3.04873847961426,25.3979339599609,0,15.9828023910522,6.09174251556396,0,0,5.38147783279419,8.43699932098389,12.7388467788696,5.63736963272095,2.06123328208923,0,0,0,10.4504337310791,1.99005329608917,11.168212890625,40.3878402709961,0,0,16.0785713195801,26.7548904418945,
"13-Aug",67.8647308349609,-999,16.4612236022949,0,12.4120445251465,27.5286350250244,0,1.99232840538025,3.66091132164001,17.7463417053223,12.8585424423218,6.17875814437866,0,55.1675758361816,23.3978805541992,0,0,0,5.61530685424805,0,10.9230661392212,0,0,3.40204668045044,19.081693649292,0,5.94744110107422,0,7.08997631072998,2.38063049316406,14.4185218811035,43.4058570861816,0,19.9277820587158,0,0,12.4005937576294,
"14-Aug",5.61428213119507,-999,10.4548578262329,17.0859603881836,10.36767578125,0,0,0,0,1.44991481304169,-999,7.34495449066162,0,13.003643989563,0,0,21.6764430999756,5.32059717178345,7.76851272583008,0,2.15793585777283,0,0,3.28941535949707,20.9195384979248,0,1.41999089717865,14.5396699905396,5.74075222015381,11.2928018569946,10.9351282119751,0,0,0,10.7626934051514,0,5.98987627029419,
"15-Aug",0,18.800931930542,0,0,3.88304829597473,0,9.37112712860107,0,0,7.06340217590332,-999,4.45194530487061,0,0,8.14870166778564,8.46409034729004,0,1.65501356124878,10.6545848846436,5.32500410079956,0,0.760666728019714,1.20515334606171,0,0,8.71890258789062,0,2.98149466514587,20.6371383666992,0,0,13.7868003845215,0,0,23.0179901123047,5.15261268615723,0,
"16-Aug",0,18.1042785644531,0,24.6688613891602,0,9.26388072967529,1.49502754211426,8.49290752410889,6.14655542373657,14.6707048416138,5.35842370986938,-999,0,7.0764012336731,6.95084619522095,1.21694576740265,2.91931247711182,7.67335653305054,0,9.40087032318115,0,0,12.3581380844116,0,0,5.19077110290527,3.00435590744019,0,9.80787563323975,5.23814105987549,22.6312847137451,1.1027364730835,0,21.8149929046631,28.6228580474854,0,0,
"17-Aug",14.6109390258789,0,0,12.5028629302979,0,0,7.22729015350342,16.6724987030029,0,11.0120325088501,6.16292476654053,0,0,9.48821353912354,0,0,4.66482734680176,0,38.6180038452148,0,0,4.10835218429565,0,0,13.7469387054443,0,0,24.8562202453613,0,8.51119136810303,5.97041082382202,0,8.72280311584473,8.77136707305908,16.2259140014648,0,0,
"18-Aug",0,0,10.2124643325806,11.5912437438965,4.75895595550537,6.48520040512085,0,0,0,5.03787183761597,0,1.46947169303894,11.0938215255737,5.67171812057495,7.55926942825317,2.80708193778992,2.57936310768127,0,3.46344566345215,2.99139142036438,2.83401966094971,2.31438446044922,5.32101678848267,0,0,8.04631328582764,6.61639738082886,0,8.44697380065918,0,14.0758714675903,0,0,0,0,9.47547245025635,0,
"19-Aug",6.22003984451294,13.3005266189575,0,10.6360845565796,0,10.0164575576782,3.07943439483643,0,2.37269949913025,0,-999,19.73952293396,18.2775745391846,0,47.1116371154785,8.68531131744385,16.9642601013184,4.62393474578857,0,4.49731492996216,14.2089815139771,0,11.1230812072754,0,0,11.0737581253052,9.95756149291992,12.4371376037598,2.73647665977478,0,0,13.8262577056885,0,23.496883392334,8.24719429016113,0,0,
"20-Aug",0,0,-999,0,0,0,3.18035054206848,0,0,4.62322330474854,0,20.1084041595459,0,0,0,8.18454933166504,0,10.4902019500732,0,0,0,0,0,40.6860580444336,5.63820695877075,0,11.4089365005493,6.06014966964722,8.01081085205078,0,0,0,2.38951277732849,0,14.2779903411865,0,0,
"21-Aug",0,0,2.9311420917511,0,0,10.2639513015747,0,0,0,21.3063201904297,5.42796421051025,0,0,0,0,4.80202150344849,4.85224342346191,0,7.12641382217407,7.4449782371521,19.9632339477539,4.68749284744263,3.07766628265381,0,16.8067817687988,9.76677227020264,0,4.72355556488037,0,7.36007022857666,18.2620105743408,0,16.5432014465332,0,0,0,20.5537910461426,
"22-Aug",0,11.315502166748,0,15.1995000839233,7.62940835952759,7.33794927597046,0,0,4.36782598495483,0,0,4.49953556060791,6.11618137359619,9.2099494934082,0,37.9625625610352,12.3151683807373,0,8.83100414276123,31.7203884124756,0,0,2.82690382003784,3.02104783058167,0,0,0,5.70089197158813,0,0,5.70850419998169,6.0873441696167,5.36586809158325,0,0,8.0148811340332,12.8312835693359,
"23-Aug",5.48842763900757,0,0,0,12.6444139480591,6.18647909164429,0,0,0,5.87846899032593,0,0,11.8745861053467,17.0449981689453,0,0,8.7662935256958,6.83826732635498,0,0,0,8.64876747131348,2.28560256958008,0,13.881142616272,0,0,0,3.49817824363708,0,3.68681621551514,1.67784130573273,0,18.1730670928955,0,0,0,
"24-Aug",0,8.2227840423584,26.5329723358154,0,0,13.6909790039062,0,13.2867784500122,0,8.27490901947021,0,0,0,12.1730661392212,0,0,0,0,0,0,5.55926942825317,7.53642845153809,0,2.10913252830505,6.28524923324585,0,9.56675052642822,0,0,0,3.96116876602173,2.82443237304688,8.73950386047363,12.4614477157593,5.57472372055054,7.9809422492981,0,
"25-Aug",0,0,0,10.4322862625122,11.1975069046021,5.88245010375977,0,5.82922744750977,5.60689973831177,0,0,0,0,24.2788047790527,3.29748058319092,5.54836177825928,0,0,5.40950870513916,5.56657266616821,0,0,21.1712417602539,8.1384916305542,8.02868843078613,2.11490845680237,3.87051320075989,9.37023639678955,0,0,11.530421257019,0,10.1977672576904,0,0,0,22.8538074493408,
"26-Aug",4.65225076675415,22.3889904022217,0,0,17.7480182647705,0,0,0,0,2.90035390853882,0,0,12.1226139068604,0,24.0175323486328,0,24.8450031280518,3.94943380355835,0.709792673587799,0,8.06314659118652,0,0,0,35.8878707885742,0,10.6616230010986,0,0,0,0,0,0,10.9092512130737,0,0,16.6428508758545,
"27-Aug",0,0,11.5644340515137,0,0,7.95504188537598,2.27460026741028,3.02546310424805,7.32778930664062,0,0,1.82544136047363,0,10.6146974563599,0,0,3.95747685432434,0,0,3.50711822509766,1.50038492679596,0,2.27518796920776,1.74834001064301,1.60211753845215,7.43033504486084,10.2009592056274,0,0,0,7.05993890762329,6.45642280578613,0,0,0,6.33462858200073,0,
"28-Aug",0,0,0,0,0,4.52657127380371,7.42984867095947,4.52013206481934,12.5868015289307,5.39939498901367,2.7301971912384,19.7952003479004,25.7654876708984,0,0,3.11377644538879,9.1451587677002,0,6.67321634292603,4.93089008331299,0,0,0,4.68646240234375,4.37089586257935,2.76021337509155,7.16198921203613,4.91022062301636,0,0,11.0723543167114,16.5336627960205,15.5249519348145,0,21.8452091217041,17.9410648345947,0,
"29-Aug",0,14.8786973953247,0.521611630916595,4.91915941238403,0,0,17.8616561889648,2.01566100120544,0,0,0,4.75505065917969,6.46087980270386,0,0,6.90574550628662,26.6667995452881,0,7.29193067550659,1.56907212734222,0,0,4.47901678085327,8.57212066650391,0,0,3.96327686309814,0,17.4917850494385,2.14941048622131,0,0.518029093742371,6.22253322601318,16.2829265594482,16.0565738677979,0,17.203052520752,
"30-Aug",7.07855272293091,0,21.7501792907715,20.668041229248,0,17.1416778564453,0,0,0,5.56833553314209,3.99988555908203,7.76748132705688,0,8.80702877044678,0,15.0158252716064,0,0,0,0,6.7206130027771,10.0109481811523,10.0393705368042,0,5.20756959915161,0,2.28726720809937,8.78247165679932,0,32.9196510314941,4.20948314666748,13.3460311889648,13.0366973876953,0,9.18819808959961,0,3.20813274383545,
"31-Aug",0,35.3754196166992,0,0,4.24709701538086,5.94446468353271,6.68909788131714,0,-999,26.5053901672363,0,3.05889844894409,0,0,6.61717081069946,0,0,0,0,10.8232126235962,7.93143939971924,0,4.16875457763672,0,3.09504246711731,13.6051292419434,0,2.04997181892395,0,6.38223886489868,0,5.90842914581299,2.7885754108429,0,0,0,32.9234657287598,
"1-Sep",6.9084906578064,5.49071264266968,8.12171840667725,0,0,0,0,1.21103048324585,0,0,13.5377912521362,0,4.3351526260376,15.5152435302734,0,18.1944217681885,0,0,6.49217224121094,0,0,0,0,2.91640853881836,5.55966806411743,0,6.35581874847412,0,6.30869054794312,0,7.45198202133179,0,5.26037836074829,0,8.78149318695068,0,0,
"2-Sep",57.349723815918,0,10.8759117126465,0,21.5530033111572,2.85619616508484,20.0688190460205,0,4.55724763870239,0,7.15582418441772,6.53658103942871,27.3115005493164,2.74707102775574,8.14920520782471,6.82299184799194,0,11.0755424499512,5.92852783203125,6.14661026000977,4.55127763748169,8.04128265380859,42.7203407287598,17.0157623291016,0,5.6886420249939,4.74169778823853,0,23.2306995391846,5.33085155487061,7.91765642166138,16.4792003631592,0,0,6.48729228973389,0,0,
"3-Sep",0,0,8.16564559936523,-999,0,5.78980684280396,8.56673717498779,0,8.52865886688232,4.73797559738159,0,10.4389457702637,13.5700826644897,0,11.1581878662109,6.3635687828064,0,0,0,4.28955078125,1.94520878791809,9.74828720092773,10.8507690429688,6.58625745773315,4.32560777664185,0.710100591182709,0,1.89381015300751,0,0,0,0,7.65802717208862,6.62893867492676,0,14.0067853927612,0,
"4-Sep",0,0,0,-999,4.35169124603271,0,19.0612373352051,0,0,0,25.0984802246094,0,0,25.0929775238037,4.4840669631958,0,0,14.9944257736206,2.09804487228394,6.93920612335205,10.1638288497925,0,6.2477707862854,0,0,0,0,0,0,0,3.70277786254883,0,5.28692770004272,7.76391315460205,11.1544580459595,16.6585216522217,11.1291742324829,
"5-Sep",22.6096134185791,17.3721656799316,0,0,23.4289894104004,3.87343430519104,0,23.7962436676025,2.71616578102112,0,2.96828842163086,15.6699771881104,0,9.6390209197998,0,7.28054571151733,9.95736312866211,0,2.30908417701721,23.5724868774414,0,0,0,9.29481029510498,1.08803367614746,6.66495609283447,0,13.4346027374268,14.9379758834839,12.9799661636353,7.98662567138672,11.2258977890015,0,0,9.24788284301758,5.14982986450195,0,
"6-Sep",0,-999,5.794677734375,0,0,0,0,0,0,0,0,4.21635293960571,15.3541612625122,0,0,0,0,4.34908723831177,0,5.70792055130005,0,3.83555960655212,0,0,0,8.88437652587891,8.97983360290527,3.53498721122742,1.2760466337204,0,0,0,0,26.8069267272949,0,7.0482964515686,0,
"7-Sep",11.7896156311035,-999,20.0645904541016,5.13028287887573,0,0,-999,0,0,4.26520252227783,-999,0,0,0,1.90551567077637,0,0,4.28304576873779,0,2.46489024162292,6.48220014572144,7.89948892593384,0,0,0,4.46990394592285,0,0,0,0,3.75697469711304,5.02919912338257,0,0,11.8620595932007,10.3896770477295,0,
"8-Sep",0,0,0,0,2.27809906005859,0,6.54716777801514,5.53729200363159,0,8.46324443817139,8.98079395294189,0,12.6433687210083,8.88018321990967,0,5.01852798461914,0,0,9.43367481231689,0,7.19341993331909,0,11.1002397537231,0,18.2944469451904,9.73518753051758,0,3.28134894371033,0,0,6.18594264984131,0,8.41095352172852,0,0,0,0,
"9-Sep",0,5.48867225646973,10.2294721603394,16.0363578796387,7.37214851379395,4.34287261962891,0,15.9649257659912,0,0,0,6.8046498298645,6.98767137527466,0,0,6.00887107849121,0,3.13471055030823,0,8.74612522125244,0,0,0,0,0,0,0,0,8.9740743637085,4.57117986679077,0,7.41547775268555,0,0,10.1388273239136,0,42.2640266418457,
"10-Sep",0,6.98930263519287,0,0,0,23.7316436767578,0,0,0,7.53992795944214,9.20976448059082,3.31414222717285,0,0,5.20937442779541,1.17028081417084,0,3.4316930770874,0,0,0,3.37596321105957,0,16.8074569702148,0,3.06278896331787,0,12.7280902862549,20.8225631713867,9.20332717895508,0,0,0,12.6565847396851,5.55239868164062,4.15779399871826,0,
"11-Sep",4.13440752029419,13.1016530990601,0,0,0,23.757625579834,4.94565343856812,4.80705595016479,0,0,0,0,0,19.1497554779053,0,0,-999,0,3.5758593082428,0,0,13.3613986968994,0,0,9.96641254425049,17.0262451171875,0.967610061168671,0,0,0,1.96692228317261,0,1.38933515548706,0,0,2.99955224990845,6.83451747894287,
"12-Sep",0,0,0,14.2340955734253,0,-999,0,0,0,0,7.77346324920654,5.66025924682617,-999,0,2.03584837913513,5.59175634384155,3.76609563827515,0,0,16.3080253601074,0,0,9.07363414764404,7.46349143981934,0,0,2.07361602783203,0,0,2.84801244735718,4.02019691467285,11.1185693740845,8.06477832794189,15.0304698944092,0,4.26269960403442,5.07906818389893,
"13-Sep",0,0,11.2517147064209,0,14.8288097381592,11.8310098648071,0,0,0,0,5.31188344955444,0,12.2674932479858,0,5.87700796127319,9.35593223571777,0,9.39695739746094,0,0,11.5549449920654,0,0,4.05114030838013,0,2.66807651519775,13.9355745315552,0,7.41601705551147,5.77470731735229,0,0,17.6893081665039,10.5192842483521,21.5559101104736,2.76223015785217,0,
"14-Sep",-999,0,-999,0,0,-999,0,0,4.01093053817749,0,11.8998222351074,2.22936391830444,21.5377960205078,8.98241233825684,0,0,4.95285367965698,0,11.8593988418579,0,5.15147304534912,4.10247087478638,9.85213756561279,0,0,1.81259214878082,0,6.93528985977173,10.7980880737305,14.7402257919312,0,0,10.931921005249,0,0,7.10565233230591,0,
"15-Sep",0,4.10580110549927,0,14.782247543335,0,5.74776268005371,2.56594967842102,3.86595487594604,0,0,0,5.48720169067383,0,8.79730415344238,0,0,0,0,0,4.15874433517456,3.67147064208984,0,0,0,0,0,0,0,0,5.71176338195801,9.38578701019287,7.29897737503052,0,0,0,5.39255428314209,18.0885753631592,
"16-Sep",0,13.2523441314697,0,14.942943572998,0,3.43994212150574,0,0,0,-999,0,7.99314880371094,11.9185562133789,0,0,12.6430654525757,0,0,8.26400375366211,0,0,0,0,4.94837856292725,0,9.91000175476074,1.3573796749115,0,8.16210556030273,0,3.06083607673645,0,0,36.4069976806641,20.4065036773682,5.926842212677,15.0625286102295,
"17-Sep",0,0,11.0691232681274,0,34.8428840637207,0,0,0,1.50451564788818,0,0,46.2282638549805,0,26.7855377197266,8.64235782623291,2.9908139705658,4.28102159500122,6.02812385559082,0,5.31763315200806,6.26984310150146,0,15.2871503829956,3.77297568321228,0,8.25954055786133,4.49801778793335,3.94477248191833,4.45612621307373,0,5.14311647415161,5.96920394897461,26.5071697235107,0,33.6569404602051,2.5372486114502,11.471981048584,
"18-Sep",0,6.80517387390137,0,0,13.2822952270508,0,-999,0,0,5.54891061782837,7.07458877563477,0,0,17.6576137542725,0,0,27.1642665863037,2.56817841529846,20.5714282989502,9.07698917388916,3.43553066253662,0,0,8.22634506225586,5.7824010848999,0,5.34221220016479,0,0,2.12464237213135,0,0,0,0,0,5.88090419769287,0,
"19-Sep",18.0053424835205,8.17910671234131,12.8026542663574,39.587215423584,12.7849988937378,11.0412855148315,3.15867257118225,4.20232105255127,2.16143083572388,3.95347118377686,0,0,33.6236763000488,0,6.95769739151001,1.18864583969116,0,0,10.2857141494751,17.8786659240723,0,0,0,0,16.7047748565674,0,0,0,0,5.3210334777832,8.65618133544922,3.64670419692993,0,0,13.5672168731689,0,0,
"20-Sep",4.18732833862305,0,24.4820461273193,0,0,19.3355464935303,5.01933479309082,2.79034638404846,0,0,4.03530359268188,0,0,0,14.6062097549438,1.31166660785675,0,0,30.8571434020996,5.40670680999756,7.00962114334106,0,0,1.82504773139954,0,3.41728854179382,0,4.29728841781616,0,18.0536518096924,0,0,0,7.04794597625732,14.3956785202026,8.51485824584961,15.8195657730103,
"21-Sep",0,4.72718143463135,0,0,0,0,0,5.41311407089233,10.7916793823242,3.05839514732361,9.49741268157959,0,0,11.0445938110352,9.33020973205566,-999,3.85871887207031,0,0,0,0,4.14951086044312,0,7.48733377456665,0,0,0,22.0918102264404,0,4.94411706924438,0,0,19.1660423278809,0,21.6393756866455,6.44585847854614,16.2854042053223,
"22-Sep",6.84048843383789,34.5968933105469,14.9135732650757,17.4706134796143,3.4339337348938,1.65466177463531,2.79587006568909,11.0394563674927,0,9.50565719604492,0,0,6.40835571289062,0,0,0,1.7360360622406,0,4.61807203292847,1.29338490962982,10.7062454223633,15.9746494293213,0,7.87483358383179,4.78909015655518,8.93021965026855,7.75221490859985,0,1.87246692180634,5.40190696716309,2.2506902217865,0,0,0,0,0,5.50704050064087,
"23-Sep",0,14.9564332962036,0,0,-999,3.43101239204407,0,0,7.93616771697998,-999,5.18829011917114,0,9.76739692687988,10.885835647583,2.72209811210632,0,10.6719417572021,8.50702857971191,1.75141406059265,6.26230049133301,0.781375229358673,0,2.28676700592041,53.4299926757812,0,0,0,1.22633993625641,5.45345306396484,0,8.46525382995605,20.4664497375488,0,23.6424922943115,0,0,1.72154426574707,
"24-Sep",2.74748468399048,-999,11.5925369262695,16.2171688079834,12.2545404434204,0,0.362769573926926,0,5.6780858039856,3.24214935302734,7.64945983886719,5.98371124267578,8.95636081695557,0,0,9.90656566619873,2.13662457466125,0,3.73840594291687,2.58071660995483,0,6.8067455291748,5.05517339706421,0,0,29,8.68765068054199,0,0,0,0,0,0,0,22.7055625915527,14.707314491272,14.6152715682983,
"25-Sep",4.45846462249756,3.22737312316895,15.2888040542603,10.6052474975586,0,0,4.53966379165649,0,0,0,5.80653953552246,0,18.519832611084,0,10.387149810791,0,0,13.0137825012207,5.34043836593628,3.92350459098816,0,3.5837709903717,15.5792579650879,0,0,0,1.6920360326767,19.075288772583,0,5.65413475036621,0,0,25.5539627075195,0,0,4.06561374664307,0,
"26-Sep",0,8.06833839416504,14.2049407958984,11.2313547134399,13.9555377960205,6.2003960609436,4.51896047592163,0,0,0,0,9.52247142791748,0,11.8922348022461,0,14.241717338562,3.99945497512817,8.64107513427734,0,14.3690242767334,5.40394592285156,23.3390865325928,6.27983713150024,0,0,7.79468154907227,3.58585500717163,0,0,0,6.80966329574585,18.605993270874,0,17.3968849182129,0,0,28.7116432189941,
"27-Sep",0,-999,10.1260585784912,17.0765933990479,10.1332426071167,4.58904027938843,2.91968011856079,0,4.04003095626831,0,0,5.49091577529907,0,0,0,19.0783576965332,0.931624114513397,0,4.16999769210815,3.80531167984009,6.5347785949707,14.1666746139526,0,6.5574107170105,0,3.51346707344055,4.34567308425903,0,0,10.9966611862183,4.65961170196533,0,0,0,0,3.94175553321838,0,
"28-Sep",0,7.36078596115112,26.664665222168,7.38418197631836,30.5021629333496,4.00306415557861,0,0,0,0,0,-999,15.5684804916382,0,0,4.84799528121948,3.94547748565674,0,10.2857141494751,0,6.32239294052124,0,11.882098197937,7.00734663009644,0,0,5.90008020401001,0,0,0,0,0,5.66813802719116,0,7.84078073501587,0,0,
"29-Sep",9.22372627258301,0,0,0,0,4.5138955116272,0,7.04721784591675,0,0,8.48528385162354,5.44392681121826,5.84259748458862,9.5899019241333,5.24878120422363,11.8195657730103,2.73525404930115,0,26.6666679382324,0,2.68762421607971,3.83917307853699,0,0,5.56899118423462,4.98511838912964,0,0,3.98018312454224,3.23987507820129,0,0,0,14.320276260376,0,0,12.3547801971436,
"30-Sep",22.7847461700439,0,0,3.66993236541748,7.93063449859619,0,0,0,0,0,26.4641017913818,7.16182994842529,30.9426345825195,0,1.01191020011902,0,4.82621049880981,0,0,0,2.55597162246704,1.64141273498535,0,0,2.46738243103027,3.93763303756714,6.03242874145508,8.50492095947266,0,8.23536014556885,0,40.0616035461426,14.9573812484741,8.89840984344482,5.70901250839233,0,35.7971229553223,
"1-Oct",12.6922149658203,0,16.8749008178711,7.02841186523438,15.6215019226074,0,6.01579570770264,9.00069236755371,0,0,0,0,0,0,2.10341143608093,4.78746175765991,0,1.92280507087708,0,0,3.36232542991638,4.03329467773438,2.5672013759613,10.1627626419067,4.1750750541687,4.32085990905762,0,7.69649362564087,0,0,0,0,19.6021766662598,0,0,0,0,
"2-Oct",8.52893543243408,12.2785739898682,22.2021083831787,0,0,0,3.90506434440613,9.22198581695557,0,1.792604804039,0,5.43345260620117,0,16.1242733001709,5.9098744392395,2.67294406890869,0,1.82743239402771,8.5674467086792,3.25882601737976,0,14.0521059036255,17.3889751434326,0,2.71465134620667,7.35657501220703,0,6.50008344650269,4.47208309173584,4.96175146102905,0,20.7909202575684,0,10.6418008804321,0,0,0,
"3-Oct",0,0,9.93279647827148,0,0,0,0,3.02896690368652,0,59.9822235107422,3.11583924293518,0,0,18.1323013305664,12.4011478424072,0,7.38087272644043,0,8.49556636810303,0,0,0,0,0,0,0,6.45246887207031,0,0,0,12.0160617828369,0,0,11.7201290130615,14.259388923645,0,7.12525749206543,
"4-Oct",38.0733604431152,0,0,-999,3.77816843986511,0,0,0,0,0,0,0,34.9236030578613,0,5.56754112243652,0,0,7.32257890701294,0,14.4456167221069,7.60574388504028,6.82765007019043,0,6.43271684646606,0,3.42888283729553,0,0,0,18.1141529083252,0,0,0,0,0,0,4.98730802536011,
"5-Oct",8.99285984039307,9.64467716217041,0,0,0,0,0,3.82506895065308,0,4.89686346054077,3.28174209594727,0,25.8862342834473,1.05773389339447,0,-999,6.50036287307739,14.9174823760986,0,0,0,6.07966709136963,0,0,5.47471904754639,13.4983892440796,0,0,4.13114833831787,0,0,6.74884986877441,6.50665044784546,19.2882709503174,0,6.28369426727295,9.10683631896973,
"6-Oct",3.50268626213074,8.59202575683594,0,0,5.78671026229858,8.00358390808105,0,0,0,0,0,0,6.14438676834106,10.4218978881836,0,0,32.8292922973633,0,0,1.06139075756073,0,0,0,0,0,5.55046272277832,0,12.1492967605591,7.01731777191162,7.09342336654663,7.77733850479126,0,1.44897246360779,25.0787162780762,13.5439929962158,0,14.4166946411133,
"7-Oct",0,9.30239391326904,23.0546932220459,0,0,0,3.79450678825378,0,0,6.07339191436768,6.60469341278076,0,7.93239068984985,0,3.47555804252625,0,0,0,5.19911193847656,10.9243001937866,5.75731420516968,0,0,0,0,0,0,0,0,0,0,0,0,0,5.73921298980713,0,0,
"8-Oct",0,0,0,0,0,7.22361278533936,0,4.90289163589478,0,9.80150890350342,0,0,6.57189226150513,5.0234203338623,0,0,0,5.47195816040039,0,0,6.12535905838013,0,6.75725412368774,0,0,0,0,4.3648419380188,0,4.09730291366577,0,6.98988437652588,0,0,0,0,7.33133125305176,
"9-Oct",0,0,0,-999,0,7.2719578742981,0,3.97082281112671,0,1.8937304019928,0,0,0,6.9559268951416,0,3.46093916893005,23.1833057403564,0,0,0,2.81966590881348,0,0,0,0,0,0,11.4623775482178,7.44251489639282,0,11.826756477356,8.08983039855957,10.3401365280151,0,12.4364376068115,17.4291515350342,14.2422847747803,
"10-Oct",0,0,0,0,0,6.47135734558105,-999,3.77906465530396,0,4.11755800247192,0,3.3443431854248,0,13.7527256011963,0,0,8.47720432281494,4.43837594985962,4.69359827041626,0,0,0,0,0,0,4.0122594833374,0,6.15701532363892,4.37071800231934,0,0,0,0,0,0,9.37113285064697,0,
"11-Oct",10.3264198303223,0,11.000114440918,0,0,-999,0,3.43125605583191,0,0,0,7.84268140792847,0,26.6386241912842,0,3.50461888313293,4.16516399383545,0,4.82291746139526,0,7.16188907623291,0,1.91263794898987,7.68539619445801,0,6.96732234954834,0,0,0,0,5.10990142822266,1.33382761478424,24.7866630554199,0,0,0,8.5997838973999,
"12-Oct",0,0,0,0,0,4.33116912841797,0,0,3.244380235672,0,0,0,-999,6.98932600021362,-999,26.4117431640625,2.7766592502594,0,0,0,0,0,1.69421517848969,5.73638725280762,0,0,0,0,0,0,6.26223516464233,4.35431432723999,0,0,6.91537046432495,0,18.2803001403809,
"13-Oct",0,0,0,0,0,1.80821263790131,0,0,5.34828901290894,0,0,0,0,5.30951499938965,0,0,2.32905435562134,0,0,4.9949631690979,0,0,4.80822610855103,0,0,9.59863758087158,0,0,0,0,0,17.8565196990967,0,0,0,0,0,
"14-Oct",0,0,0,0,0,6.8972601890564,14.433970451355,0,0,0,0,6.06911706924438,0,0,0,6.39985752105713,4.10304880142212,0,0,21.497615814209,0,0,8.769287109375,5.7094612121582,0,0,0,0,0,0,3.99037504196167,5.64784812927246,9.95083713531494,0,0,0,0,
"15-Oct",0,0,0,8.16538715362549,0,0,0,0,0,2.73675084114075,0,1.67756080627441,0,0,0,3.96612024307251,0,0,0,0,0,0,0,0,0,0,0,3.33157896995544,7.67112922668457,1.55162346363068,0,7.73093128204346,16.4584007263184,0,0,0,0,
"16-Oct",0,0,0,0,0,0,0,0,0,7.03497838973999,-999,0,0,0,0,2.72866368293762,18.7131652832031,0,0,0,0,0,0,5.28876256942749,0,0,0,0,2.37682723999023,0,0,0,0,6.29572820663452,0,0,24.7693710327148,
"17-Oct",0,0,0,0,0,0,0,0,0,0,0,13.7132558822632,0,0,0,8.29625129699707,0,0,0,0,9.02285861968994,0,8.41949462890625,14.608528137207,0,0,0,0,0,0,0,0,4.87780618667603,7.95131158828735,0,0,0,
"18-Oct",0,0,0,0,0,0,0,0,0,0,0,2.24948406219482,5.55556774139404,0,4.69858169555664,0,0,0,0,0,0,0,0,3.15701985359192,0,0,0,10.8406057357788,5.99623489379883,0,0,0,11.9326162338257,0,0,0,7.38713598251343,
"19-Oct",0,0,0,0,0,0,0,0,0,0,0,0,0,0,0,0,3.12211132049561,0,0,0,0,0,0,0,0,0,0,0,4.28904151916504,0,0,0,3.73178601264954,0,0,0,0,
"20-Oct",0,0,0,0,0,0,0,0,4.32939147949219,0,0,0,0,0,2.49551296234131,0,6.96587085723877,0,0,0,28.773229598999,0,0,2.23111248016357,0,0,0,13.6355047225952,8.32855892181396,3.54154396057129,0,0,0,0,0,0,10.5289297103882,
"21-Oct",0,0,0,0,0,0,0,0,0,0,0,0,0,5.16235828399658,0.950486958026886,0,7.55013942718506,0,0,0,0,3.58634042739868,0,12.328052520752,0,0,0,14.5389842987061,3.32075333595276,8.55127334594727,0,0,13.1483421325684,0,0,0,5.78007555007935,
"22-Oct",0,0,0,0,0,0,0,0,0,0,0,0,0,8.04162502288818,0,0,13.9675559997559,0,0,0,5.21879529953003,0,0,13.3268423080444,0,0,0,0,0,0,0,0,33.6108283996582,0,0,0,7.95448637008667,
"23-Oct",0,-999,0,0,0,0,0,0,0,0,0,0,0,1.22332084178925,0,0,7.82186841964722,0,0,0,9.27084636688232,0,0,9.17461395263672,0,0,0,0,0,0,0,0,4.35801982879639,0,0,7.31109428405762,0,
"24-Oct",0,0,0,0,0,0,0,0,0,0,0,0,0,0,0,0,0,0,0,0,6.66115045547485,0,0,15.2299547195435,3.15497946739197,0,0,13.3355836868286,0,0,0,0,8.90849685668945,0,0,0,20.0341243743896,
"25-Oct",0,0,-999,0,0,0,0,0,0,0,0,0,10.7406272888184,0,0,0,0,0,0,0,0,0,0,0,0,0,2.57587480545044,0,0,0,0,0,9.6639232635498,0,0,0,6.52498531341553,
"26-Oct",0,0,-999,0,0,0,0,0,0,0,0,0,17.8680381774902,0,0,0,0,0,0,0,0,0,0,0,0,0,0,6.35358285903931,0,0,0,0,0,0,0,0,0,
"27-Oct",0,0,0,0,0,0,0,0,0,0,0,2.56465172767639,0,0,0,0,0,0,0,0,0,0,0,3.82863807678223,0,0,0,0,0,0,0,0,0,0,0,0,0,
"28-Oct",0,-999,0,0,0,0,0,0,0,0,0,0,0,0,-999,0,0,0,0,0,0,0,0,0,0,0,0,3.99631237983704,0,0,0,0,0,0,0,0,0,
"29-Oct",0,0,0,-999,0,0,0,0,0,0,0,0,0,0,0,0,0,0,0,1.95576107501984,0,0,0,0,0,0,0,0,0,0,0,0,0,0,0,0,0,
"30-Oct",0,0,0,0,0,0,0,0,0,0,0,0,0,0,0,0,0,0,0,2.63460969924927,0,0,0,0,0,0,0,0,0,0,0,0,9.22407054901123,0,0,0,0,
"31-Oct",0,0,0,0,0,0,-999,-999,0,0,0,0,0,0,1.77605378627777,0,0,0,0,0,0,0,0,0,0,0,0,0,0,4.52079772949219,0,0,0,0,0,0,0,
"1-Nov",0,0,0,0,0,0,0,-999,0,0,0,0,0,0,0,0,0,0,0,0,0,0,0,0,0,0,0,0,0,0,0,0,0,0,0,0,0,
"2-Nov",-999,0,0,0,0,0,0,0,0,0,0,0,0,0,0,0,0,0,0,0,0,4.55404233932495,0,0,0,0,0,0,0,0,0,0,0,0,0,0,0,
"3-Nov",0,0,0,0,0,0,0,0,0,0,0,0,0,0,5.02956295013428,0,0,0,0,0,0,0,0,0,0,0,0,0,0,0,0,0,0,0,0,0,0,
"4-Nov",0,0,0,0,0,0,0,0,0,0,0,0,0,0,0,0,0,0,0,0,0,0,0,0,0,0,0,0,0,0,0,0,0,0,0,0,0,
"5-Nov",0,0,0,-999,0,0,0,-999,0,0,0,0,0,0,0,0,0,0,0,0,0,0,0,0,0,0,0,0,0,5.92591905593872,0,0,0,0,0,0,0,
"6-Nov",0,0,0,0,0,0,0,0,0,0,0,0,0,0,0,0,0,0,0,0,0,0,0,0,0,0,0,0,0,0,0,0,0,0,0,0,0,
"7-Nov",0,-999,0,0,0,0,-999,0,0,0,0,0,0,0,0,0,0,0,0,0,0,0,0,0,0,0,0,0,0,0,0,0,0,0,0,0,0,
"8-Nov",0,0,0,0,0,0,-999,0,0,0,0,0,0,0,0,0,0,0,0,0,0,0,0,0,0,0,0,0,0,0,0,0,0,0,0,0,0,
"9-Nov",0,0,0,0,0,0,0,0,0,0,0,0,0,0,0,0,0,0,0,0,0,0,0,0,0,0,0,0,0,0,0,0,0,0,0,0,0,
"10-Nov",0,0,0,0,0,0,-999,0,0,0,0,0,0,0,0,0,0,0,0,0,0,0,0,0,0,0,0,0,0,0,0,0,0,0,0,0,0,
"11-Nov",-999,-999,0,0,0,0,-999,0,0,0,0,0,0,0,0,0,0,0,0,0,0,0,0,0,0,0,0,0,0,0,0,0,0,0,0,0,0,
"12-Nov",-999,0,0,0,0,0,0,0,0,0,0,0,0,0,0,0,0,0,0,0,0,0,0,0,0,0,0,0,0,0,0,0,0,0,0,0,0,
"13-Nov",-999,0,0,0,0,0,0,0,-999,0,0,0,0,0,0,0,0,0,0,0,0,0,0,0,0,0,0,0,0,0,0,0,0,0,0,0,0,
"14-Nov",0,0,0,0,0,0,0,0,0,0,0,0,0,0,0,0,0,0,0,0,0,0,0,0,0,0,0,0,0,0,0,0,0,0,0,0,0,
"15-Nov",0,-999,0,0,0,-999,0,0,0,0,0,0,0,0,0,0,0,0,0,0,0,0,0,0,0,0,-999,0,0,0,0,0,0,0,0,0,0,
"16-Nov",0,-999,0,0,0,-999,0,0,0,0,0,0,0,0,0,0,0,0,0,0,0,0,0,0,0,0,-999,0,0,0,0,0,0,0,0,0,0,
"17-Nov",0,-999,0,0,0,-999,0,0,0,0,-999,0,0,0,0,0,0,0,0,0,0,0,0,0,0,0,0,0,0,0,0,0,0,0,0,0,0,
"18-Nov",0,-999,0,0,0,-999,0,0,0,0,0,0,0,0,0,0,0,0,0,0,0,0,0,0,0,0,0,0,0,0,0,0,0,0,0,0,0,
"19-Nov",0,0,0,0,0,-999,0,0,-999,0,0,0,0,0,0,0,0,0,0,0,0,0,0,0,0,0,0,0,0,0,0,0,0,0,0,0,0,
"20-Nov",0,-999,0,-999,0,-999,0,0,0,0,0,0,0,0,0,0,0,0,0,0,0,0,0,0,0,0,0,0,0,0,0,0,0,0,0,0,0,
"21-Nov",0,-999,0,0,0,-999,0,0,0,0,0,0,0,0,0,0,0,0,0,0,0,0,0,0,0,0,0,0,0,0,0,0,0,0,0,0,0,
"22-Nov",0,-999,0,0,0,-999,0,0,0,0,0,0,0,0,0,0,0,0,0,0,0,0,0,0,0,0,0,0,0,0,0,0,0,0,0,0,0,
"23-Nov",0,-999,0,0,0,-999,0,0,0,0,0,-999,0,0,0,0,0,0,0,0,0,0,0,0,0,0,0,0,0,0,0,0,0,4.51788949966431,0,0,0,
"24-Nov",0,-999,0,0,0,-999,0,0,0,0,0,0,0,0,0,0,0,0,0,0,0,0,0,0,0,0,0,0,0,0,0,0,0,0,0,0,0,
"25-Nov",0,0,0,0,0,-999,0,0,0,0,0,0,0,0,0,0,0,0,0,0,0,0,0,0,0,0,0,0,0,0,0,0,0,0,0,0,0,
"26-Nov",0,0,0,0,0,-999,0,0,0,0,0,0,0,0,0,0,0,0,0,0,0,0,0,0,0,0,0,0,0,0,0,0,0,0,0,0,0,
"27-Nov",0,0,0,0,0,-999,0,0,0,0,0,0,0,0,0,0,0,0,0,0,0,0,0,0,0,0,0,0,0,0,0,0,0,0,0,0,0,
"28-Nov",0,0,0,5.28964948654175,0,-999,0,0,0,0,0,0,0,0,0,0,0,0,0,0,0,0,0,0,0,0,0,0,0,0,0,0,0,0,0,0,0,
"29-Nov",0,-999,0,0,0,-999,0,0,0,0,0,0,0,0,0,0,0,0,0,0,0,0,0,0,0,0,0,0,0,0,0,0,0,0,0,0,0,
"30-Nov",0,-999,0,0,0,-999,0,0,0,0,0,0,0,0,0,0,0,0,0,0,0,0,0,0,0,0,0,0,0,0,0,0,0,0,0,0,0,
"1-Dec",0,0,0,0,0,-999,0,0,0,0,0,-999,0,0,0,0,0,0,0,0,0,0,0,0,0,0,0,0,0,0,0,0,0,0,0,0,0,
"2-Dec",0,-999,0,0,0,-999,0,0,0,0,0,0,0,0,0,0,0,0,0,0,0,0,0,0,0,0,0,0,0,0,0,0,0,0,0,0,0,
"3-Dec",0,0,0,0,0,-999,0,0,0,0,0,0,0,0,0,0,0,0,0,0,0,0,0,0,0,0,0,0,0,0,0,0,0,0,0,0,0,
"4-Dec",0,-999,0,0,0,-999,0,0,0,0,0,0,0,0,0,0,0,0,0,0,0,0,0,0,0,0,0,0,0,0,0,0,0,0,0,0,0,
"5-Dec",0,-999,0,0,0,-999,0,0,0,0,0,0,0,0,0,0,0,0,0,0,0,0,0,0,0,0,0,0,0,0,0,0,0,0,0,0,0,
"6-Dec",0,0,3.7292537689209,0,0,-999,-999,0,0,0,0,0,0,0,0,0,0,0,0,0,0,0,0,0,0,0,0,0,0,0,0,0,0,0,0,0,0,
"7-Dec",0,0,0,0,0,-999,-999,0,0,0,0,0,0,0,0,-999,0,1.36149501800537,0,0,0,0,0,0,0,0,0,0,0,0,0,0,0,0,0,0,0,
"8-Dec",0,0,0,0,0,-999,0,0,0,0,0,0,0,0,0,0,0,0,0,0,0,0,0,0,0,0,0,0,0,0,0,0,0,0,0,0,0,
"9-Dec",0,0,0,0,0,-999,0,0,0,0,0,0,0,0,0,0,0,0,0,0,0,0,0,0,0,0,0,0,0,0,0,0,0,0,0,0,0,
"10-Dec",0,0,0,0,0,-999,0,0,0,0,0,0,0,0,0,0,0,0,0,0,0,0,0,0,0,0,0,0,0,0,0,0,0,0,0,0,0,
"11-Dec",0,0,0,0,0,-999,0,-999,0,0,0,0,0,0,0,0,0,0,0,0,0,0,0,0,0,0,0,0,0,0,0,0,0,0,0,0,0,
"12-Dec",0,0,0,0,0,-999,0,-999,0,0,0,0,0,0,0,0,0,0,0,0,0,0,0,0,0,0,0,0,0,0,0,0,0,0,0,0,0,
"13-Dec",0,0,0,0,0,-999,0,-999,0,0,0,0,0,0,0,0,0,0,0,0,0,0,0,0,0,0,0,0,0,0,0,0,0,0,0,0,0,
"14-Dec",0,0,0,0,0,-999,0,0,0,0,0,0,0,0,0,0,0,0,0,0,0,0,0,0,0,0,0,0,0,0,0,0,0,0,0,0,0,
"15-Dec",0,0,0,0,0,-999,0,0,0,0,0,0,0,0,0,0,0,0,0,0,0,0,0,0,0,0,0,0,0,0,0,0,0,0,0,0,0,
"16-Dec",0,0,0,0,0,-999,0,0,0,0,0,0,0,0,0,0,0,0,0,0,0,0,0,0,0,0,0,0,0,0,0,0,0,0,0,0,0,
"17-Dec",0,0,0,0,0,-999,0,0,0,0,0,0,0,0,0,0,0,0,0,0,0,0,0,0,0,0,0,0,0,0,0,0,0,0,0,0,0,
"18-Dec",0,0,0,0,0,-999,0,0,0,0,-999,0,0,0,0,0,0,0,0,0,0,0,0,0,0,0,0,0,0,0,0,0,0,0,0,0,0,
"19-Dec",0,0,-999,0,0,-999,0,0,0,0,0,0,0,0,0,0,0,0,0,0,0,0,0,0,0,0,0,0,0,0,0,0,0,0,0,0,0,
"20-Dec",0,0,-999,0,0,-999,0,0,0,0,0,0,0,0,0,0,0,0,0,0,0,0,0,0,0,0,0,0,0,0,0,0,0,0,0,0,0,
"21-Dec",0,0,0,0,0,-999,0,0,0,0,0,0,0,0,0,0,0,0,0,0,0,0,0,0,0,0,0,0,0,0,0,0,0,0,0,0,0,
"22-Dec",0,0,0,0,0,-999,0,0,0,0,0,0,0,0,0,0,0,0,0,0,0,0,0,0,0,0,0,0,0,0,0,0,0,0,0,0,0,
"23-Dec",0,0,0,0,0,-999,0,0,0,0,0,0,0,0,0,0,0,0,0,0,0,0,0,0,0,0,0,0,0,0,0,0,0,0,0,0,0,
"24-Dec",0,0,0,0,0,-999,0,0,0,0,0,0,0,0,0,0,0,0,0,0,0,0,0,0,0,0,0,0,0,0,0,0,0,0,0,0,0,
"25-Dec",0,0,0,0,0,-999,1.46062958240509,0,0,0,0,0,0,0,0,0,0,0,0,0,0,0,0,0,0,0,0,0,0,0,0,0,0,0,0,0,0,
"26-Dec",0,0,0,0,0,-999,0,0,0,0,0,0,0,0,0,0,0,0,0,0,0,0,0,0,0,0,0,0,0,0,0,0,0,0,0,0,0,
"27-Dec",0,0,0,0,0,-999,0,0,0,0,0,0,0,0,0,0,0,0,0,0,0,0,0,0,0,0,0,0,0,0,0,0,0,0,0,0,0,
"28-Dec",0,0,0,0,0,-999,0,0,0,0,0,0,0,0,0,0,0,0,0,0,0,0,0,0,0,0,0,0,0,0,0,0,0,0,0,0,0,
"29-Dec",0,0,0,0,0,-999,0,0,0,0,0,0,0,0,0,0,0,0,0,0,0,0,0,0,0,0,0,0,0,0,0,0,0,0,0,0,0,
"30-Dec",0,0,0,0,0,-999,0,0,0,0,0,0,0,0,0,0,0,0,0,0,0,0,0,0,0,0,0,0,0,0,0,0,0,0,0,0,0,
"31-Dec",0,0,0,0,0,-999,0,0,0,-999,0,0,0,0,-999,0,0,0,0,0,-999,0,0,0,0,0,0,0,0,0,0,0,0,0,0,0,0,
